,Date,price
61,2014-11-17,387.4079895019531
62,2014-11-18,375.197998046875
63,2014-11-19,380.5549926757813
64,2014-11-20,357.8399963378906
65,2014-11-21,350.8479919433594
66,2014-11-22,352.9200134277344
67,2014-11-23,367.572998046875
68,2014-11-24,376.9010009765625
69,2014-11-25,375.3479919433594
70,2014-11-26,368.3699951171875
71,2014-11-27,369.6700134277344
72,2014-11-28,376.4469909667969
73,2014-11-29,375.4909973144531
74,2014-11-30,378.0469970703125
75,2014-12-01,379.2449951171875
76,2014-12-02,381.3150024414063
77,2014-12-03,375.010009765625
78,2014-12-04,369.60400390625
79,2014-12-05,376.85400390625
80,2014-12-06,374.7850036621094
81,2014-12-07,375.0950012207031
82,2014-12-08,361.9089965820313
83,2014-12-09,352.218994140625
84,2014-12-10,346.364990234375
85,2014-12-11,350.5060119628906
86,2014-12-12,352.5419921875
87,2014-12-13,347.3760070800781
88,2014-12-14,351.6319885253906
89,2014-12-15,345.3450012207031
90,2014-12-16,327.06201171875
91,2014-12-17,319.7760009765625
92,2014-12-18,311.39599609375
93,2014-12-19,317.8429870605469
94,2014-12-20,329.9559936523437
95,2014-12-21,320.8429870605469
96,2014-12-22,331.885986328125
97,2014-12-23,334.5719909667969
98,2014-12-24,322.53399658203125
99,2014-12-25,319.00799560546875
100,2014-12-26,327.92401123046875
101,2014-12-27,315.8630065917969
102,2014-12-28,317.239013671875
103,2014-12-29,312.6700134277344
104,2014-12-30,310.73699951171875
105,2014-12-31,320.1929931640625
106,2015-01-01,314.2489929199219
107,2015-01-02,315.0320129394531
108,2015-01-03,281.0820007324219
109,2015-01-04,264.19500732421875
110,2015-01-05,274.4739990234375
111,2015-01-06,286.1889953613281
112,2015-01-07,294.3370056152344
113,2015-01-08,283.3489990234375
114,2015-01-09,290.4079895019531
115,2015-01-10,274.7959899902344
116,2015-01-11,265.6600036621094
117,2015-01-12,267.7959899902344
118,2015-01-13,225.86099243164065
119,2015-01-14,178.10299682617188
120,2015-01-15,209.843994140625
121,2015-01-16,208.0970001220703
122,2015-01-17,199.25999450683597
123,2015-01-18,210.3390045166016
124,2015-01-19,214.86099243164065
125,2015-01-20,211.31500244140625
126,2015-01-21,226.89700317382807
127,2015-01-22,233.406005859375
128,2015-01-23,232.8789978027344
129,2015-01-24,247.8470001220703
130,2015-01-25,253.71800231933597
131,2015-01-26,273.4729919433594
132,2015-01-27,263.4750061035156
133,2015-01-28,233.9149932861328
134,2015-01-29,233.51300048828125
135,2015-01-30,226.4250030517578
136,2015-01-31,217.4640045166016
137,2015-02-01,226.9720001220703
138,2015-02-02,238.22900390625
139,2015-02-03,227.26800537109372
140,2015-02-04,226.85299682617188
141,2015-02-05,217.11099243164065
142,2015-02-06,222.26600646972656
143,2015-02-07,227.7539978027344
144,2015-02-08,223.41200256347656
145,2015-02-09,220.1100006103516
146,2015-02-10,219.8390045166016
147,2015-02-11,219.18499755859372
148,2015-02-12,221.76400756835935
149,2015-02-13,235.427001953125
150,2015-02-14,257.3210144042969
151,2015-02-15,234.8249969482422
152,2015-02-16,233.84300231933597
153,2015-02-17,243.6100006103516
154,2015-02-18,236.3260040283203
155,2015-02-19,240.2830047607422
156,2015-02-20,243.7790069580078
157,2015-02-21,244.53399658203125
158,2015-02-22,235.9770050048828
159,2015-02-23,238.8919982910156
160,2015-02-24,238.7350006103516
161,2015-02-25,237.47000122070312
162,2015-02-26,236.42599487304688
163,2015-02-27,253.8280029296875
164,2015-02-28,254.26300048828125
165,2015-03-01,260.2019958496094
166,2015-03-02,275.6700134277344
167,2015-03-03,281.7019958496094
168,2015-03-04,273.0920104980469
169,2015-03-05,276.1780090332031
170,2015-03-06,272.7229919433594
171,2015-03-07,276.260986328125
172,2015-03-08,274.35400390625
173,2015-03-09,289.60699462890625
174,2015-03-10,291.760009765625
175,2015-03-11,296.3789978027344
176,2015-03-12,294.35400390625
177,2015-03-13,285.3370056152344
178,2015-03-14,281.885009765625
179,2015-03-15,286.3930053710937
180,2015-03-16,290.5929870605469
181,2015-03-17,285.5050048828125
182,2015-03-18,256.29901123046875
183,2015-03-19,260.9280090332031
184,2015-03-20,261.7489929199219
185,2015-03-21,260.0249938964844
186,2015-03-22,267.9599914550781
187,2015-03-23,266.739990234375
188,2015-03-24,245.59500122070312
189,2015-03-25,246.19700622558597
190,2015-03-26,248.5319976806641
191,2015-03-27,247.0290069580078
192,2015-03-28,252.79800415039065
193,2015-03-29,242.71299743652344
194,2015-03-30,247.5260009765625
195,2015-03-31,244.2239990234375
196,2015-04-01,247.27200317382807
197,2015-04-02,253.0050048828125
198,2015-04-03,254.32200622558597
199,2015-04-04,253.69700622558597
200,2015-04-05,260.5979919433594
201,2015-04-06,255.49200439453125
202,2015-04-07,253.17999267578125
203,2015-04-08,245.02200317382807
204,2015-04-09,243.67599487304688
205,2015-04-10,236.07200622558597
206,2015-04-11,236.552001953125
207,2015-04-12,236.1529998779297
208,2015-04-13,224.5870056152344
209,2015-04-14,219.15899658203125
210,2015-04-15,223.8329925537109
211,2015-04-16,228.572998046875
212,2015-04-17,222.8820037841797
213,2015-04-18,223.3560028076172
214,2015-04-19,222.6000061035156
215,2015-04-20,224.62600708007807
216,2015-04-21,235.2689971923828
217,2015-04-22,234.17599487304688
218,2015-04-23,236.4620056152344
219,2015-04-24,231.26800537109372
220,2015-04-25,226.38999938964844
221,2015-04-26,219.42999267578125
222,2015-04-27,229.28599548339844
223,2015-04-28,225.85499572753903
224,2015-04-29,225.80799865722656
225,2015-04-30,236.1450042724609
226,2015-05-01,232.07899475097656
227,2015-05-02,234.92999267578125
228,2015-05-03,240.3580017089844
229,2015-05-04,239.01800537109372
230,2015-05-05,236.1210021972656
231,2015-05-06,229.7819976806641
232,2015-05-07,237.33399963378903
233,2015-05-08,243.86300659179688
234,2015-05-09,241.83200073242188
235,2015-05-10,240.29600524902344
236,2015-05-11,242.1580047607422
237,2015-05-12,241.11199951171875
238,2015-05-13,236.3769989013672
239,2015-05-14,236.9290008544922
240,2015-05-15,237.60499572753903
241,2015-05-16,236.1529998779297
242,2015-05-17,236.802001953125
243,2015-05-18,233.1280059814453
244,2015-05-19,231.94700622558597
245,2015-05-20,234.01800537109372
246,2015-05-21,235.343994140625
247,2015-05-22,240.34800720214844
248,2015-05-23,238.8719940185547
249,2015-05-24,240.9530029296875
250,2015-05-25,237.1100006103516
251,2015-05-26,237.11599731445312
252,2015-05-27,237.2830047607422
253,2015-05-28,237.4080047607422
254,2015-05-29,237.0959930419922
255,2015-05-30,233.34500122070312
256,2015-05-31,230.19000244140625
257,2015-06-01,222.92599487304688
258,2015-06-02,225.8029937744141
259,2015-06-03,225.87399291992188
260,2015-06-04,224.32400512695312
261,2015-06-05,224.95199584960935
262,2015-06-06,225.61900329589844
263,2015-06-07,222.8809967041016
264,2015-06-08,228.48899841308597
265,2015-06-09,229.04800415039065
266,2015-06-10,228.8029937744141
267,2015-06-11,229.7050018310547
268,2015-06-12,229.98199462890625
269,2015-06-13,232.4019927978516
270,2015-06-14,233.54299926757807
271,2015-06-15,236.822998046875
272,2015-06-16,250.8950042724609
273,2015-06-17,249.28399658203125
274,2015-06-18,249.0070037841797
275,2015-06-19,244.6060028076172
276,2015-06-20,245.2120056152344
277,2015-06-21,243.94400024414065
278,2015-06-22,246.9900054931641
279,2015-06-23,244.29600524902344
280,2015-06-24,240.51499938964844
281,2015-06-25,242.7989959716797
282,2015-06-26,243.593994140625
283,2015-06-27,250.9900054931641
284,2015-06-28,249.0110015869141
285,2015-06-29,257.0639953613281
286,2015-06-30,263.0719909667969
287,2015-07-01,258.6210021972656
288,2015-07-02,255.41200256347656
289,2015-07-03,256.33599853515625
290,2015-07-04,260.885986328125
291,2015-07-05,271.9129943847656
292,2015-07-06,269.0299987792969
293,2015-07-07,266.2070007324219
294,2015-07-08,270.7850036621094
295,2015-07-09,269.2279968261719
296,2015-07-10,284.8940124511719
297,2015-07-11,293.114990234375
298,2015-07-12,310.86700439453125
299,2015-07-13,292.0539855957031
300,2015-07-14,287.4639892578125
301,2015-07-15,285.8290100097656
302,2015-07-16,278.0889892578125
303,2015-07-17,279.47198486328125
304,2015-07-18,274.9010009765625
305,2015-07-19,273.614013671875
306,2015-07-20,278.9809875488281
307,2015-07-21,275.8330078125
308,2015-07-22,277.22198486328125
309,2015-07-23,276.04901123046875
310,2015-07-24,288.27801513671875
311,2015-07-25,288.6969909667969
312,2015-07-26,292.6860046386719
313,2015-07-27,293.6239929199219
314,2015-07-28,294.427001953125
315,2015-07-29,289.5899963378906
316,2015-07-30,287.72198486328125
317,2015-07-31,284.6499938964844
318,2015-08-01,281.6010131835937
319,2015-08-02,282.614013671875
320,2015-08-03,281.2269897460937
321,2015-08-04,285.2179870605469
322,2015-08-05,281.8819885253906
323,2015-08-06,278.5769958496094
324,2015-08-07,279.5849914550781
325,2015-08-08,260.9970092773437
326,2015-08-09,265.0830078125
327,2015-08-10,264.4700012207031
328,2015-08-11,270.385986328125
329,2015-08-12,266.3760070800781
330,2015-08-13,264.0799865722656
331,2015-08-14,265.67999267578125
332,2015-08-15,261.5509948730469
333,2015-08-16,258.5069885253906
334,2015-08-17,257.9760131835937
335,2015-08-18,211.07899475097656
336,2015-08-19,226.6840057373047
337,2015-08-20,235.3500061035156
338,2015-08-21,232.56900024414065
339,2015-08-22,230.38999938964844
340,2015-08-23,228.16900634765625
341,2015-08-24,210.4949951171875
342,2015-08-25,221.60899353027344
343,2015-08-26,225.83099365234372
344,2015-08-27,224.7689971923828
345,2015-08-28,231.39599609375
346,2015-08-29,229.77999877929688
347,2015-08-30,228.7610015869141
348,2015-08-31,230.05599975585935
349,2015-09-01,228.1210021972656
350,2015-09-02,229.28399658203125
351,2015-09-03,227.18299865722656
352,2015-09-04,230.29800415039065
353,2015-09-05,235.0189971923828
354,2015-09-06,239.83999633789065
355,2015-09-07,239.8470001220703
356,2015-09-08,243.60699462890625
357,2015-09-09,238.16799926757807
358,2015-09-10,238.4770050048828
359,2015-09-11,240.10699462890625
360,2015-09-12,235.22900390625
361,2015-09-13,230.51199340820312
362,2015-09-14,230.6439971923828
363,2015-09-15,230.3040008544922
364,2015-09-16,229.09100341796875
365,2015-09-17,229.80999755859372
366,2015-09-18,232.9750061035156
367,2015-09-19,231.4929962158203
368,2015-09-20,231.2120056152344
369,2015-09-21,227.0850067138672
370,2015-09-22,230.6179962158203
371,2015-09-23,230.2830047607422
372,2015-09-24,234.5290069580078
373,2015-09-25,235.1439971923828
374,2015-09-26,234.33999633789065
375,2015-09-27,232.7570037841797
376,2015-09-28,239.1419982910156
377,2015-09-29,236.6869964599609
378,2015-09-30,236.05999755859372
379,2015-10-01,237.5489959716797
380,2015-10-02,237.29299926757807
381,2015-10-03,238.72999572753903
382,2015-10-04,238.25900268554688
383,2015-10-05,240.38299560546875
384,2015-10-06,246.06300354003903
385,2015-10-07,242.968994140625
386,2015-10-08,242.3040008544922
387,2015-10-09,243.93099975585935
388,2015-10-10,244.9409942626953
389,2015-10-11,247.0500030517578
390,2015-10-12,245.30799865722656
391,2015-10-13,249.50799560546875
392,2015-10-14,251.98899841308597
393,2015-10-15,254.32000732421875
394,2015-10-16,262.8689880371094
395,2015-10-17,270.6400146484375
396,2015-10-18,261.6430053710937
397,2015-10-19,263.43701171875
398,2015-10-20,269.4630126953125
399,2015-10-21,266.2720031738281
400,2015-10-22,274.02301025390625
401,2015-10-23,276.4960021972656
402,2015-10-24,281.65399169921875
403,2015-10-25,283.67999267578125
404,2015-10-26,285.29998779296875
405,2015-10-27,293.7879943847656
406,2015-10-28,304.6180114746094
407,2015-10-29,313.8550109863281
408,2015-10-30,328.0150146484375
409,2015-10-31,314.1659851074219
410,2015-11-01,325.4309997558594
411,2015-11-02,361.1889953613281
412,2015-11-03,403.4169921875
413,2015-11-04,411.56298828125
414,2015-11-05,386.35400390625
415,2015-11-06,374.4700012207031
416,2015-11-07,386.4819946289063
417,2015-11-08,373.3680114746094
418,2015-11-09,380.2569885253906
419,2015-11-10,336.8190002441406
420,2015-11-11,311.0840148925781
421,2015-11-12,338.1520080566406
422,2015-11-13,336.75299072265625
423,2015-11-14,332.906005859375
424,2015-11-15,320.1659851074219
425,2015-11-16,330.7510070800781
426,2015-11-17,335.093994140625
427,2015-11-18,334.5899963378906
428,2015-11-19,326.14898681640625
429,2015-11-20,322.0220031738281
430,2015-11-21,326.927001953125
431,2015-11-22,324.5360107421875
432,2015-11-23,323.0459899902344
433,2015-11-24,320.0459899902344
434,2015-11-25,328.2059936523437
435,2015-11-26,352.6839904785156
436,2015-11-27,358.0419921875
437,2015-11-28,357.3810119628906
438,2015-11-29,371.29400634765625
439,2015-11-30,377.3210144042969
440,2015-12-01,362.4880065917969
441,2015-12-02,359.18701171875
442,2015-12-03,361.0459899902344
443,2015-12-04,363.1830139160156
444,2015-12-05,388.9490051269531
445,2015-12-06,388.7829895019531
446,2015-12-07,395.5360107421875
447,2015-12-08,415.56298828125
448,2015-12-09,417.56298828125
449,2015-12-10,415.47900390625
450,2015-12-11,451.93798828125
451,2015-12-12,434.99700927734375
452,2015-12-13,433.7550048828125
453,2015-12-14,444.1820068359375
454,2015-12-15,465.3210144042969
455,2015-12-16,454.9339904785156
456,2015-12-17,456.0780029296875
457,2015-12-18,463.6159973144531
458,2015-12-19,462.3219909667969
459,2015-12-20,442.68499755859375
460,2015-12-21,438.6390075683594
461,2015-12-22,436.5719909667969
462,2015-12-23,442.4010009765625
463,2015-12-24,454.9849853515625
464,2015-12-25,455.6530151367188
465,2015-12-26,417.2739868164063
466,2015-12-27,422.822998046875
467,2015-12-28,422.2789916992188
468,2015-12-29,432.9830017089844
469,2015-12-30,426.6199951171875
470,2015-12-31,430.5669860839844
471,2016-01-01,434.3340148925781
472,2016-01-02,433.43798828125
473,2016-01-03,430.010986328125
474,2016-01-04,433.0910034179688
475,2016-01-05,431.9599914550781
476,2016-01-06,429.1050109863281
477,2016-01-07,458.0480041503906
478,2016-01-08,453.2300109863281
479,2016-01-09,447.6109924316406
480,2016-01-10,447.9909973144531
481,2016-01-11,448.4280090332031
482,2016-01-12,435.6900024414063
483,2016-01-13,432.3710021972656
484,2016-01-14,430.3059997558594
485,2016-01-15,364.33099365234375
486,2016-01-16,387.5360107421875
487,2016-01-17,382.2990112304688
488,2016-01-18,387.1679992675781
489,2016-01-19,380.1489868164063
490,2016-01-20,420.2300109863281
491,2016-01-21,410.2619934082031
492,2016-01-22,382.4920043945313
493,2016-01-23,387.4909973144531
494,2016-01-24,402.9710083007813
495,2016-01-25,391.72601318359375
496,2016-01-26,392.1530151367188
497,2016-01-27,394.9719848632813
498,2016-01-28,380.28900146484375
499,2016-01-29,379.4739990234375
500,2016-01-30,378.2550048828125
501,2016-01-31,368.7669982910156
502,2016-02-01,373.0559997558594
503,2016-02-02,374.447998046875
504,2016-02-03,369.9490051269531
505,2016-02-04,389.593994140625
506,2016-02-05,386.5490112304688
507,2016-02-06,376.5220031738281
508,2016-02-07,376.6199951171875
509,2016-02-08,373.4469909667969
510,2016-02-09,376.0289916992188
511,2016-02-10,381.6489868164063
512,2016-02-11,379.6539916992188
513,2016-02-12,384.2630004882813
514,2016-02-13,391.8599853515625
515,2016-02-14,407.2300109863281
516,2016-02-15,400.18499755859375
517,2016-02-16,407.4880065917969
518,2016-02-17,416.3219909667969
519,2016-02-18,422.37298583984375
520,2016-02-19,420.7850036621094
521,2016-02-20,437.16400146484375
522,2016-02-21,438.7980041503906
523,2016-02-22,437.74798583984375
524,2016-02-23,420.7359924316406
525,2016-02-24,424.9549865722656
526,2016-02-25,424.54400634765625
527,2016-02-26,432.1520080566406
528,2016-02-27,432.5190124511719
529,2016-02-28,433.5039978027344
530,2016-02-29,437.6969909667969
531,2016-03-01,435.12298583984375
532,2016-03-02,423.989013671875
533,2016-03-03,421.6510009765625
534,2016-03-04,410.9389953613281
535,2016-03-05,400.5700073242188
536,2016-03-06,407.7070007324219
537,2016-03-07,414.3210144042969
538,2016-03-08,413.9719848632813
539,2016-03-09,414.8599853515625
540,2016-03-10,417.1310119628906
541,2016-03-11,421.6900024414063
542,2016-03-12,411.6239929199219
543,2016-03-13,414.0650024414063
544,2016-03-14,416.43798828125
545,2016-03-15,416.8299865722656
546,2016-03-16,417.010986328125
547,2016-03-17,420.6210021972656
548,2016-03-18,409.5480041503906
549,2016-03-19,410.4440002441406
550,2016-03-20,413.7550048828125
551,2016-03-21,413.3070068359375
552,2016-03-22,418.0889892578125
553,2016-03-23,418.0409851074219
554,2016-03-24,416.3940124511719
555,2016-03-25,417.177001953125
556,2016-03-26,417.9450073242188
557,2016-03-27,426.7650146484375
558,2016-03-28,424.2309875488281
559,2016-03-29,416.5159912109375
560,2016-03-30,414.8160095214844
561,2016-03-31,416.72900390625
562,2016-04-01,417.9599914550781
563,2016-04-02,420.87298583984375
564,2016-04-03,420.9039916992188
565,2016-04-04,421.4440002441406
566,2016-04-05,424.0299987792969
567,2016-04-06,423.4129943847656
568,2016-04-07,422.7449951171875
569,2016-04-08,420.3489990234375
570,2016-04-09,419.4110107421875
571,2016-04-10,421.5639953613281
572,2016-04-11,422.4830017089844
573,2016-04-12,425.1900024414063
574,2016-04-13,423.7340087890625
575,2016-04-14,424.2820129394531
576,2016-04-15,429.7130126953125
577,2016-04-16,430.5719909667969
578,2016-04-17,427.3989868164063
579,2016-04-18,428.5910034179688
580,2016-04-19,435.5090026855469
581,2016-04-20,441.3890075683594
582,2016-04-21,449.4249877929688
583,2016-04-22,445.7369995117188
584,2016-04-23,450.2820129394531
585,2016-04-24,458.5549926757813
586,2016-04-25,461.4259948730469
587,2016-04-26,466.0889892578125
588,2016-04-27,444.68701171875
589,2016-04-28,449.010986328125
590,2016-04-29,455.0969848632813
591,2016-04-30,448.3179931640625
592,2016-05-01,451.875
593,2016-05-02,444.66900634765625
594,2016-05-03,450.3039855957031
595,2016-05-04,446.7219848632813
596,2016-05-05,447.97601318359375
597,2016-05-06,459.6029968261719
598,2016-05-07,458.5360107421875
599,2016-05-08,458.5480041503906
600,2016-05-09,460.4830017089844
601,2016-05-10,450.8949890136719
602,2016-05-11,452.7279968261719
603,2016-05-12,454.7659912109375
604,2016-05-13,455.6700134277344
605,2016-05-14,455.6709899902344
606,2016-05-15,457.5679931640625
607,2016-05-16,454.1629943847656
608,2016-05-17,453.7829895019531
609,2016-05-18,454.6189880371094
610,2016-05-19,438.7149963378906
611,2016-05-20,442.6759948730469
612,2016-05-21,443.18798828125
613,2016-05-22,439.322998046875
614,2016-05-23,444.1549987792969
615,2016-05-24,445.9809875488281
616,2016-05-25,449.5989990234375
617,2016-05-26,453.3840026855469
618,2016-05-27,473.4639892578125
619,2016-05-28,530.0399780273438
620,2016-05-29,526.2329711914062
621,2016-05-30,533.864013671875
622,2016-05-31,531.385986328125
623,2016-06-01,536.9199829101562
624,2016-06-02,537.9719848632812
625,2016-06-03,569.1939697265625
626,2016-06-04,572.7269897460938
627,2016-06-05,574.9769897460938
628,2016-06-06,585.5369873046875
629,2016-06-07,576.5969848632812
630,2016-06-08,581.64501953125
631,2016-06-09,574.6300048828125
632,2016-06-10,577.469970703125
633,2016-06-11,606.7269897460938
634,2016-06-12,672.7839965820312
635,2016-06-13,704.3759765625
636,2016-06-14,685.5590209960938
637,2016-06-15,694.468994140625
638,2016-06-16,766.3079833984375
639,2016-06-17,748.9089965820312
640,2016-06-18,756.2269897460938
641,2016-06-19,763.781005859375
642,2016-06-20,737.2260131835938
643,2016-06-21,666.6519775390625
644,2016-06-22,596.1160278320312
645,2016-06-23,623.9769897460938
646,2016-06-24,665.2990112304688
647,2016-06-25,665.1229858398438
648,2016-06-26,629.3670043945312
649,2016-06-27,655.2750244140625
650,2016-06-28,647.0009765625
651,2016-06-29,639.8900146484375
652,2016-06-30,673.3369750976562
653,2016-07-01,676.2960205078125
654,2016-07-02,703.7020263671875
655,2016-07-03,658.6640014648438
656,2016-07-04,683.6619873046875
657,2016-07-05,670.6270141601562
658,2016-07-06,677.3309936523438
659,2016-07-07,640.56201171875
660,2016-07-08,666.5230102539062
661,2016-07-09,650.9600219726562
662,2016-07-10,649.3599853515625
663,2016-07-11,647.6589965820312
664,2016-07-12,664.551025390625
665,2016-07-13,654.468017578125
666,2016-07-14,658.0780029296875
667,2016-07-15,663.2550048828125
668,2016-07-16,660.7670288085938
669,2016-07-17,679.458984375
670,2016-07-18,673.1060180664062
671,2016-07-19,672.864013671875
672,2016-07-20,665.6849975585938
673,2016-07-21,665.0120239257812
674,2016-07-22,650.6190185546875
675,2016-07-23,655.5560302734375
676,2016-07-24,661.2849731445312
677,2016-07-25,654.0969848632812
678,2016-07-26,651.7839965820312
679,2016-07-27,654.3519897460938
680,2016-07-28,655.0349731445312
681,2016-07-29,656.9920043945312
682,2016-07-30,655.0469970703125
683,2016-07-31,624.6810302734375
684,2016-08-01,606.27197265625
685,2016-08-02,547.4650268554688
686,2016-08-03,566.35498046875
687,2016-08-04,578.2890014648438
688,2016-08-05,575.0430297851562
689,2016-08-06,587.7780151367188
690,2016-08-07,592.6900024414062
691,2016-08-08,591.0540161132812
692,2016-08-09,587.801025390625
693,2016-08-10,592.10302734375
694,2016-08-11,589.1199951171875
695,2016-08-12,587.5590209960938
696,2016-08-13,585.5880126953125
697,2016-08-14,570.4730224609375
698,2016-08-15,567.239990234375
699,2016-08-16,577.4390258789062
700,2016-08-17,573.2160034179688
701,2016-08-18,574.3179931640625
702,2016-08-19,575.6300048828125
703,2016-08-20,581.697021484375
704,2016-08-21,581.3079833984375
705,2016-08-22,586.7529907226562
706,2016-08-23,583.4149780273438
707,2016-08-24,580.1820068359375
708,2016-08-25,577.760986328125
709,2016-08-26,579.6510009765625
710,2016-08-27,569.947021484375
711,2016-08-28,573.9119873046875
712,2016-08-29,574.1069946289062
713,2016-08-30,577.5029907226562
714,2016-08-31,575.4719848632812
715,2016-09-01,572.302978515625
716,2016-09-02,575.5369873046875
717,2016-09-03,598.2119750976562
718,2016-09-04,608.6339721679688
719,2016-09-05,606.5900268554688
720,2016-09-06,610.4359741210938
721,2016-09-07,614.5440063476562
722,2016-09-08,626.3159790039062
723,2016-09-09,622.8610229492188
724,2016-09-10,623.5089721679688
725,2016-09-11,606.718994140625
726,2016-09-12,608.2429809570312
727,2016-09-13,609.2410278320312
728,2016-09-14,610.6840209960938
729,2016-09-15,607.155029296875
730,2016-09-16,606.9730224609375
731,2016-09-17,605.9840087890625
732,2016-09-18,609.8740234375
733,2016-09-19,609.2269897460938
734,2016-09-20,608.31201171875
735,2016-09-21,597.1489868164062
736,2016-09-22,596.2979736328125
737,2016-09-23,602.8419799804688
738,2016-09-24,602.625
739,2016-09-25,600.8259887695312
740,2016-09-26,608.0430297851562
741,2016-09-27,606.166015625
742,2016-09-28,604.72802734375
743,2016-09-29,605.6929931640625
744,2016-09-30,609.7349853515625
745,2016-10-01,613.9829711914062
746,2016-10-02,610.8920288085938
747,2016-10-03,612.1329956054688
748,2016-10-04,610.2039794921875
749,2016-10-05,612.510986328125
750,2016-10-06,613.02099609375
751,2016-10-07,617.1209716796875
752,2016-10-08,619.1079711914062
753,2016-10-09,616.7520141601562
754,2016-10-10,618.9940185546875
755,2016-10-11,641.072021484375
756,2016-10-12,636.1920166015625
757,2016-10-13,636.7860107421875
758,2016-10-14,640.3779907226562
759,2016-10-15,638.64599609375
760,2016-10-16,641.6309814453125
761,2016-10-17,639.1929931640625
762,2016-10-18,637.9600219726562
763,2016-10-19,630.52001953125
764,2016-10-20,630.8569946289062
765,2016-10-21,632.8280029296875
766,2016-10-22,657.2940063476562
767,2016-10-23,657.0709838867188
768,2016-10-24,653.760986328125
769,2016-10-25,657.5880126953125
770,2016-10-26,678.3040161132812
771,2016-10-27,688.31298828125
772,2016-10-28,689.6510009765625
773,2016-10-29,714.47900390625
774,2016-10-30,701.864013671875
775,2016-10-31,700.9719848632812
776,2016-11-01,729.7930297851562
777,2016-11-02,740.8289794921875
778,2016-11-03,688.7000122070312
779,2016-11-04,703.2349853515625
780,2016-11-05,703.4180297851562
781,2016-11-06,711.52197265625
782,2016-11-07,703.1309814453125
783,2016-11-08,709.8480224609375
784,2016-11-09,723.2730102539062
785,2016-11-10,715.5339965820312
786,2016-11-11,716.4110107421875
787,2016-11-12,705.0540161132812
788,2016-11-13,702.031005859375
789,2016-11-14,705.02099609375
790,2016-11-15,711.6190185546875
791,2016-11-16,744.197998046875
792,2016-11-17,740.9769897460938
793,2016-11-18,751.5850219726562
794,2016-11-19,751.6160278320312
795,2016-11-20,731.0260009765625
796,2016-11-21,739.2479858398438
797,2016-11-22,751.3469848632812
798,2016-11-23,744.593994140625
799,2016-11-24,740.2890014648438
800,2016-11-25,741.6489868164062
801,2016-11-26,735.3820190429688
802,2016-11-27,732.0349731445312
803,2016-11-28,735.81298828125
804,2016-11-29,735.60400390625
805,2016-11-30,745.6909790039062
806,2016-12-01,756.7739868164062
807,2016-12-02,777.9439697265625
808,2016-12-03,771.155029296875
809,2016-12-04,773.8720092773438
810,2016-12-05,758.7000122070312
811,2016-12-06,764.2239990234375
812,2016-12-07,768.1320190429688
813,2016-12-08,770.8099975585938
814,2016-12-09,772.7940063476562
815,2016-12-10,774.6500244140625
816,2016-12-11,769.7310180664062
817,2016-12-12,780.0869750976562
818,2016-12-13,780.5560302734375
819,2016-12-14,781.4810180664062
820,2016-12-15,778.0880126953125
821,2016-12-16,784.906982421875
822,2016-12-17,790.8289794921875
823,2016-12-18,790.530029296875
824,2016-12-19,792.7139892578125
825,2016-12-20,800.8759765625
826,2016-12-21,834.281005859375
827,2016-12-22,864.5399780273438
828,2016-12-23,921.9840087890624
829,2016-12-24,898.822021484375
830,2016-12-25,896.1829833984375
831,2016-12-26,907.6099853515624
832,2016-12-27,933.197998046875
833,2016-12-28,975.9210205078124
834,2016-12-29,973.4970092773438
835,2016-12-30,961.2379760742188
836,2016-12-31,963.7429809570312
837,2017-01-01,998.3250122070312
838,2017-01-02,1021.75
839,2017-01-03,1043.8399658203125
840,2017-01-04,1154.72998046875
841,2017-01-05,1013.3800048828124
842,2017-01-06,902.2009887695312
843,2017-01-07,908.5850219726562
844,2017-01-08,911.198974609375
845,2017-01-09,902.8280029296876
846,2017-01-10,907.6790161132812
847,2017-01-11,777.7570190429688
848,2017-01-12,804.833984375
849,2017-01-13,823.9840087890625
850,2017-01-14,818.4119873046875
851,2017-01-15,821.7979736328125
852,2017-01-16,831.5339965820312
853,2017-01-17,907.93798828125
854,2017-01-18,886.6179809570312
855,2017-01-19,899.072998046875
856,2017-01-20,895.0260009765625
857,2017-01-21,921.7890014648438
858,2017-01-22,924.6729736328124
859,2017-01-23,921.0120239257812
860,2017-01-24,892.68701171875
861,2017-01-25,901.5419921875
862,2017-01-26,917.5859985351562
863,2017-01-27,919.75
864,2017-01-28,921.5900268554688
865,2017-01-29,919.4959716796876
866,2017-01-30,920.3820190429688
867,2017-01-31,970.4030151367188
868,2017-02-01,989.0230102539062
869,2017-02-02,1011.7999877929688
870,2017-02-03,1029.9100341796875
871,2017-02-04,1042.9000244140625
872,2017-02-05,1027.3399658203125
873,2017-02-06,1038.1500244140625
874,2017-02-07,1061.3499755859375
875,2017-02-08,1063.0699462890625
876,2017-02-09,994.3829956054688
877,2017-02-10,988.6740112304688
878,2017-02-11,1004.4500122070312
879,2017-02-12,999.1810302734376
880,2017-02-13,990.6420288085938
881,2017-02-14,1004.5499877929688
882,2017-02-15,1007.47998046875
883,2017-02-16,1027.43994140625
884,2017-02-17,1046.2099609375
885,2017-02-18,1054.4200439453125
886,2017-02-19,1047.8699951171875
887,2017-02-20,1079.97998046875
888,2017-02-21,1115.300048828125
889,2017-02-22,1117.43994140625
890,2017-02-23,1166.719970703125
891,2017-02-24,1173.6800537109375
892,2017-02-25,1143.8399658203125
893,2017-02-26,1165.199951171875
894,2017-02-27,1179.969970703125
895,2017-02-28,1179.969970703125
896,2017-03-01,1222.5
897,2017-03-02,1251.010009765625
898,2017-03-03,1274.989990234375
899,2017-03-04,1255.1500244140625
900,2017-03-05,1267.1199951171875
901,2017-03-06,1272.8299560546875
902,2017-03-07,1223.5400390625
903,2017-03-08,1150.0
904,2017-03-09,1188.489990234375
905,2017-03-10,1116.719970703125
906,2017-03-11,1175.8299560546875
907,2017-03-12,1221.3800048828125
908,2017-03-13,1231.9200439453125
909,2017-03-14,1240.0
910,2017-03-15,1249.6099853515625
911,2017-03-16,1187.81005859375
912,2017-03-17,1100.22998046875
913,2017-03-18,973.8179931640624
914,2017-03-19,1036.739990234375
915,2017-03-20,1054.22998046875
916,2017-03-21,1120.5400390625
917,2017-03-22,1049.1400146484375
918,2017-03-23,1038.5899658203125
919,2017-03-24,937.52001953125
920,2017-03-25,972.7789916992188
921,2017-03-26,966.7249755859376
922,2017-03-27,1045.77001953125
923,2017-03-28,1047.1500244140625
924,2017-03-29,1039.969970703125
925,2017-03-30,1026.4300537109375
926,2017-03-31,1071.7900390625
927,2017-04-01,1080.5
928,2017-04-02,1102.1700439453125
929,2017-04-03,1143.81005859375
930,2017-04-04,1133.25
931,2017-04-05,1124.780029296875
932,2017-04-06,1182.6800537109375
933,2017-04-07,1176.9000244140625
934,2017-04-08,1175.949951171875
935,2017-04-09,1187.8699951171875
936,2017-04-10,1187.1300048828125
937,2017-04-11,1205.010009765625
938,2017-04-12,1200.3699951171875
939,2017-04-13,1169.280029296875
940,2017-04-14,1167.5400390625
941,2017-04-15,1172.52001953125
942,2017-04-16,1182.93994140625
943,2017-04-17,1193.9100341796875
944,2017-04-18,1211.6700439453125
945,2017-04-19,1210.2900390625
946,2017-04-20,1229.0799560546875
947,2017-04-21,1222.050048828125
948,2017-04-22,1231.7099609375
949,2017-04-23,1207.2099609375
950,2017-04-24,1250.1500244140625
951,2017-04-25,1265.489990234375
952,2017-04-26,1281.0799560546875
953,2017-04-27,1317.72998046875
954,2017-04-28,1316.47998046875
955,2017-04-29,1321.7900390625
956,2017-04-30,1347.8900146484375
957,2017-05-01,1421.5999755859375
958,2017-05-02,1452.8199462890625
959,2017-05-03,1490.0899658203125
960,2017-05-04,1537.6700439453125
961,2017-05-05,1555.449951171875
962,2017-05-06,1578.800048828125
963,2017-05-07,1596.7099609375
964,2017-05-08,1723.3499755859375
965,2017-05-09,1755.3599853515625
966,2017-05-10,1787.1300048828125
967,2017-05-11,1848.5699462890625
968,2017-05-12,1724.239990234375
969,2017-05-13,1804.9100341796875
970,2017-05-14,1808.9100341796875
971,2017-05-15,1738.4300537109375
972,2017-05-16,1734.449951171875
973,2017-05-17,1839.0899658203125
974,2017-05-18,1888.6500244140625
975,2017-05-19,1987.7099609375
976,2017-05-20,2084.72998046875
977,2017-05-21,2041.199951171875
978,2017-05-22,2173.39990234375
979,2017-05-23,2320.419921875
980,2017-05-24,2443.639892578125
981,2017-05-25,2304.97998046875
982,2017-05-26,2202.419921875
983,2017-05-27,2038.8699951171875
984,2017-05-28,2155.800048828125
985,2017-05-29,2255.610107421875
986,2017-05-30,2175.469970703125
987,2017-05-31,2286.409912109375
988,2017-06-01,2407.8798828125
989,2017-06-02,2488.550048828125
990,2017-06-03,2515.35009765625
991,2017-06-04,2511.81005859375
992,2017-06-05,2686.81005859375
993,2017-06-06,2863.199951171875
994,2017-06-07,2732.159912109375
995,2017-06-08,2805.6201171875
996,2017-06-09,2823.81005859375
997,2017-06-10,2947.7099609375
998,2017-06-11,2958.110107421875
999,2017-06-12,2659.6298828125
1000,2017-06-13,2717.02001953125
1001,2017-06-14,2506.3701171875
1002,2017-06-15,2464.580078125
1003,2017-06-16,2518.56005859375
1004,2017-06-17,2655.8798828125
1005,2017-06-18,2548.2900390625
1006,2017-06-19,2589.60009765625
1007,2017-06-20,2721.7900390625
1008,2017-06-21,2689.10009765625
1009,2017-06-22,2705.409912109375
1010,2017-06-23,2744.909912109375
1011,2017-06-24,2608.719970703125
1012,2017-06-25,2589.409912109375
1013,2017-06-26,2478.449951171875
1014,2017-06-27,2552.449951171875
1015,2017-06-28,2574.7900390625
1016,2017-06-29,2539.320068359375
1017,2017-06-30,2480.840087890625
1018,2017-07-01,2434.550048828125
1019,2017-07-02,2506.469970703125
1020,2017-07-03,2564.06005859375
1021,2017-07-04,2601.639892578125
1022,2017-07-05,2601.989990234375
1023,2017-07-06,2608.56005859375
1024,2017-07-07,2518.659912109375
1025,2017-07-08,2571.340087890625
1026,2017-07-09,2518.43994140625
1027,2017-07-10,2372.56005859375
1028,2017-07-11,2337.7900390625
1029,2017-07-12,2398.840087890625
1030,2017-07-13,2357.89990234375
1031,2017-07-14,2233.340087890625
1032,2017-07-15,1998.8599853515625
1033,2017-07-16,1929.8199462890625
1034,2017-07-17,2228.409912109375
1035,2017-07-18,2318.8798828125
1036,2017-07-19,2273.429931640625
1037,2017-07-20,2817.60009765625
1038,2017-07-21,2667.760009765625
1039,2017-07-22,2810.1201171875
1040,2017-07-23,2730.39990234375
1041,2017-07-24,2754.860107421875
1042,2017-07-25,2576.47998046875
1043,2017-07-26,2529.449951171875
1044,2017-07-27,2671.780029296875
1045,2017-07-28,2809.010009765625
1046,2017-07-29,2726.449951171875
1047,2017-07-30,2757.179931640625
1048,2017-07-31,2875.340087890625
1049,2017-08-01,2718.260009765625
1050,2017-08-02,2710.669921875
1051,2017-08-03,2804.72998046875
1052,2017-08-04,2895.889892578125
1053,2017-08-05,3252.909912109375
1054,2017-08-06,3213.93994140625
1055,2017-08-07,3378.93994140625
1056,2017-08-08,3419.93994140625
1057,2017-08-09,3342.469970703125
1058,2017-08-10,3381.280029296875
1059,2017-08-11,3650.6201171875
1060,2017-08-12,3884.7099609375
1061,2017-08-13,4073.260009765625
1062,2017-08-14,4325.1298828125
1063,2017-08-15,4181.93017578125
1064,2017-08-16,4376.6298828125
1065,2017-08-17,4331.68994140625
1066,2017-08-18,4160.6201171875
1067,2017-08-19,4193.7001953125
1068,2017-08-20,4087.659912109375
1069,2017-08-21,4001.739990234375
1070,2017-08-22,4100.52001953125
1071,2017-08-23,4151.52001953125
1072,2017-08-24,4334.68017578125
1073,2017-08-25,4371.60009765625
1074,2017-08-26,4352.39990234375
1075,2017-08-27,4382.8798828125
1076,2017-08-28,4382.66015625
1077,2017-08-29,4579.02001953125
1078,2017-08-30,4565.2998046875
1079,2017-08-31,4703.39013671875
1080,2017-09-01,4892.009765625
1081,2017-09-02,4578.77001953125
1082,2017-09-03,4582.9599609375
1083,2017-09-04,4236.31005859375
1084,2017-09-05,4376.52978515625
1085,2017-09-06,4597.1201171875
1086,2017-09-07,4599.8798828125
1087,2017-09-08,4228.75
1088,2017-09-09,4226.06005859375
1089,2017-09-10,4122.93994140625
1090,2017-09-11,4161.27001953125
1091,2017-09-12,4130.81005859375
1092,2017-09-13,3882.590087890625
1093,2017-09-14,3154.949951171875
1094,2017-09-15,3637.52001953125
1095,2017-09-16,3625.0400390625
1096,2017-09-17,3582.8798828125
1097,2017-09-18,4065.199951171875
1098,2017-09-19,3924.969970703125
1099,2017-09-20,3905.949951171875
1100,2017-09-21,3631.0400390625
1101,2017-09-22,3630.699951171875
1102,2017-09-23,3792.39990234375
1103,2017-09-24,3682.840087890625
1104,2017-09-25,3926.070068359375
1105,2017-09-26,3892.35009765625
1106,2017-09-27,4200.669921875
1107,2017-09-28,4174.72998046875
1108,2017-09-29,4163.06982421875
1109,2017-09-30,4338.7099609375
1110,2017-10-01,4403.740234375
1111,2017-10-02,4409.31982421875
1112,2017-10-03,4317.47998046875
1113,2017-10-04,4229.35986328125
1114,2017-10-05,4328.41015625
1115,2017-10-06,4370.81005859375
1116,2017-10-07,4426.89013671875
1117,2017-10-08,4610.47998046875
1118,2017-10-09,4772.02001953125
1119,2017-10-10,4781.990234375
1120,2017-10-11,4826.47998046875
1121,2017-10-12,5446.91015625
1122,2017-10-13,5647.2099609375
1123,2017-10-14,5831.7900390625
1124,2017-10-15,5678.18994140625
1125,2017-10-16,5725.58984375
1126,2017-10-17,5605.509765625
1127,2017-10-18,5590.68994140625
1128,2017-10-19,5708.52001953125
1129,2017-10-20,6011.4501953125
1130,2017-10-21,6031.60009765625
1131,2017-10-22,6008.419921875
1132,2017-10-23,5930.31982421875
1133,2017-10-24,5526.64013671875
1134,2017-10-25,5750.7998046875
1135,2017-10-26,5904.830078125
1136,2017-10-27,5780.89990234375
1137,2017-10-28,5753.08984375
1138,2017-10-29,6153.85009765625
1139,2017-10-30,6130.52978515625
1140,2017-10-31,6468.39990234375
1141,2017-11-01,6767.31005859375
1142,2017-11-02,7078.5
1143,2017-11-03,7207.759765625
1144,2017-11-04,7379.9501953125
1145,2017-11-05,7407.41015625
1146,2017-11-06,7022.759765625
1147,2017-11-07,7144.3798828125
1148,2017-11-08,7459.68994140625
1149,2017-11-09,7143.580078125
1150,2017-11-10,6618.14013671875
1151,2017-11-11,6357.60009765625
1152,2017-11-12,5950.06982421875
1153,2017-11-13,6559.490234375
1154,2017-11-14,6635.75
1155,2017-11-15,7315.5400390625
1156,2017-11-16,7871.68994140625
1157,2017-11-17,7708.990234375
1158,2017-11-18,7790.14990234375
1159,2017-11-19,8036.490234375
1160,2017-11-20,8200.6396484375
1161,2017-11-21,8071.259765625
1162,2017-11-22,8253.5498046875
1163,2017-11-23,8038.77001953125
1164,2017-11-24,8253.6904296875
1165,2017-11-25,8790.919921875
1166,2017-11-26,9330.5498046875
1167,2017-11-27,9818.349609375
1168,2017-11-28,10058.7998046875
1169,2017-11-29,9888.6103515625
1170,2017-11-30,10233.599609375
1171,2017-12-01,10975.599609375
1172,2017-12-02,11074.599609375
1173,2017-12-03,11323.2001953125
1174,2017-12-04,11657.2001953125
1175,2017-12-05,11916.7001953125
1176,2017-12-06,14291.5
1177,2017-12-07,17899.69921875
1178,2017-12-08,16569.400390625
1179,2017-12-09,15178.2001953125
1180,2017-12-10,15455.400390625
1181,2017-12-11,16936.80078125
1182,2017-12-12,17415.400390625
1183,2017-12-13,16408.19921875
1184,2017-12-14,16564.0
1185,2017-12-15,17706.900390625
1186,2017-12-16,19497.400390625
1187,2017-12-17,19140.80078125
1188,2017-12-18,19114.19921875
1189,2017-12-19,17776.69921875
1190,2017-12-20,16624.599609375
1191,2017-12-21,15802.900390625
1192,2017-12-22,13831.7998046875
1193,2017-12-23,14699.2001953125
1194,2017-12-24,13925.7998046875
1195,2017-12-25,14026.599609375
1196,2017-12-26,16099.7998046875
1197,2017-12-27,15838.5
1198,2017-12-28,14606.5
1199,2017-12-29,14656.2001953125
1200,2017-12-30,12952.2001953125
1201,2017-12-31,14156.400390625
1202,2018-01-01,13657.2001953125
1203,2018-01-02,14982.099609375
1204,2018-01-03,15201.0
1205,2018-01-04,15599.2001953125
1206,2018-01-05,17429.5
1207,2018-01-06,17527.0
1208,2018-01-07,16477.599609375
1209,2018-01-08,15170.099609375
1210,2018-01-09,14595.400390625
1211,2018-01-10,14973.2998046875
1212,2018-01-11,13405.7998046875
1213,2018-01-12,13980.599609375
1214,2018-01-13,14360.2001953125
1215,2018-01-14,13772.0
1216,2018-01-15,13819.7998046875
1217,2018-01-16,11490.5
1218,2018-01-17,11188.599609375
1219,2018-01-18,11474.900390625
1220,2018-01-19,11607.400390625
1221,2018-01-20,12899.2001953125
1222,2018-01-21,11600.099609375
1223,2018-01-22,10931.400390625
1224,2018-01-23,10868.400390625
1225,2018-01-24,11359.400390625
1226,2018-01-25,11259.400390625
1227,2018-01-26,11171.400390625
1228,2018-01-27,11440.7001953125
1229,2018-01-28,11786.2998046875
1230,2018-01-29,11296.400390625
1231,2018-01-30,10106.2998046875
1232,2018-01-31,10221.099609375
1233,2018-02-01,9170.5400390625
1234,2018-02-02,8830.75
1235,2018-02-03,9174.91015625
1236,2018-02-04,8277.009765625
1237,2018-02-05,6955.27001953125
1238,2018-02-06,7754.0
1239,2018-02-07,7621.2998046875
1240,2018-02-08,8265.58984375
1241,2018-02-09,8736.98046875
1242,2018-02-10,8621.900390625
1243,2018-02-11,8129.97021484375
1244,2018-02-12,8926.5703125
1245,2018-02-13,8598.3095703125
1246,2018-02-14,9494.6298828125
1247,2018-02-15,10166.400390625
1248,2018-02-16,10233.900390625
1249,2018-02-17,11112.7001953125
1250,2018-02-18,10551.7998046875
1251,2018-02-19,11225.2998046875
1252,2018-02-20,11403.7001953125
1253,2018-02-21,10690.400390625
1254,2018-02-22,10005.0
1255,2018-02-23,10301.099609375
1256,2018-02-24,9813.0703125
1257,2018-02-25,9664.73046875
1258,2018-02-26,10366.7001953125
1259,2018-02-27,10725.599609375
1260,2018-02-28,10397.900390625
1261,2018-03-01,10951.0
1262,2018-03-02,11086.400390625
1263,2018-03-03,11489.7001953125
1264,2018-03-04,11512.599609375
1265,2018-03-05,11573.2998046875
1266,2018-03-06,10779.900390625
1267,2018-03-07,9965.5703125
1268,2018-03-08,9395.009765625
1269,2018-03-09,9337.5498046875
1270,2018-03-10,8866.0
1271,2018-03-11,9578.6298828125
1272,2018-03-12,9205.1201171875
1273,2018-03-13,9194.849609375
1274,2018-03-14,8269.8095703125
1275,2018-03-15,8300.8603515625
1276,2018-03-16,8338.349609375
1277,2018-03-17,7916.8798828125
1278,2018-03-18,8223.6796875
1279,2018-03-19,8630.650390625
1280,2018-03-20,8913.4697265625
1281,2018-03-21,8929.2802734375
1282,2018-03-22,8728.4697265625
1283,2018-03-23,8879.6201171875
1284,2018-03-24,8668.1201171875
1285,2018-03-25,8495.7802734375
1286,2018-03-26,8209.400390625
1287,2018-03-27,7833.0400390625
1288,2018-03-28,7954.47998046875
1289,2018-03-29,7165.7001953125
1290,2018-03-30,6890.52001953125
1291,2018-03-31,6973.52978515625
1292,2018-04-01,6844.22998046875
1293,2018-04-02,7083.7998046875
1294,2018-04-03,7456.10986328125
1295,2018-04-04,6853.83984375
1296,2018-04-05,6811.47021484375
1297,2018-04-06,6636.31982421875
1298,2018-04-07,6911.08984375
1299,2018-04-08,7023.52001953125
1300,2018-04-09,6770.72998046875
1301,2018-04-10,6834.759765625
1302,2018-04-11,6968.31982421875
1303,2018-04-12,7889.25
1304,2018-04-13,7895.9599609375
1305,2018-04-14,7986.240234375
1306,2018-04-15,8329.1103515625
1307,2018-04-16,8058.669921875
1308,2018-04-17,7902.08984375
1309,2018-04-18,8163.419921875
1310,2018-04-19,8294.3095703125
1311,2018-04-20,8845.830078125
1312,2018-04-21,8895.580078125
1313,2018-04-22,8802.4599609375
1314,2018-04-23,8930.8798828125
1315,2018-04-24,9697.5
1316,2018-04-25,8845.740234375
1317,2018-04-26,9281.509765625
1318,2018-04-27,8987.0498046875
1319,2018-04-28,9348.48046875
1320,2018-04-29,9419.080078125
1321,2018-04-30,9240.5498046875
1322,2018-05-01,9119.009765625
1323,2018-05-02,9235.919921875
1324,2018-05-03,9743.8603515625
1325,2018-05-04,9700.759765625
1326,2018-05-05,9858.150390625
1327,2018-05-06,9654.7998046875
1328,2018-05-07,9373.009765625
1329,2018-05-08,9234.8203125
1330,2018-05-09,9325.1796875
1331,2018-05-10,9043.9404296875
1332,2018-05-11,8441.490234375
1333,2018-05-12,8504.8896484375
1334,2018-05-13,8723.9404296875
1335,2018-05-14,8716.7900390625
1336,2018-05-15,8510.3798828125
1337,2018-05-16,8368.830078125
1338,2018-05-17,8094.31982421875
1339,2018-05-18,8250.9697265625
1340,2018-05-19,8247.1796875
1341,2018-05-20,8513.25
1342,2018-05-21,8418.990234375
1343,2018-05-22,8041.77978515625
1344,2018-05-23,7557.81982421875
1345,2018-05-24,7587.33984375
1346,2018-05-25,7480.14013671875
1347,2018-05-26,7355.8798828125
1348,2018-05-27,7368.22021484375
1349,2018-05-28,7135.990234375
1350,2018-05-29,7472.58984375
1351,2018-05-30,7406.52001953125
1352,2018-05-31,7494.169921875
1353,2018-06-01,7541.4501953125
1354,2018-06-02,7643.4501953125
1355,2018-06-03,7720.25
1356,2018-06-04,7514.47021484375
1357,2018-06-05,7633.759765625
1358,2018-06-06,7653.97998046875
1359,2018-06-07,7678.240234375
1360,2018-06-08,7624.919921875
1361,2018-06-09,7531.97998046875
1362,2018-06-10,6786.02001953125
1363,2018-06-11,6906.919921875
1364,2018-06-12,6582.35986328125
1365,2018-06-13,6349.89990234375
1366,2018-06-14,6675.35009765625
1367,2018-06-15,6456.580078125
1368,2018-06-16,6550.16015625
1369,2018-06-17,6499.27001953125
1370,2018-06-18,6734.81982421875
1371,2018-06-19,6769.93994140625
1372,2018-06-20,6776.5498046875
1373,2018-06-21,6729.740234375
1374,2018-06-22,6083.68994140625
1375,2018-06-23,6162.47998046875
1376,2018-06-24,6173.22998046875
1377,2018-06-25,6249.18017578125
1378,2018-06-26,6093.669921875
1379,2018-06-27,6157.1298828125
1380,2018-06-28,5903.43994140625
1381,2018-06-29,6218.2998046875
1382,2018-06-30,6404.0
1383,2018-07-01,6385.81982421875
1384,2018-07-02,6614.18017578125
1385,2018-07-03,6529.58984375
1386,2018-07-04,6597.5498046875
1387,2018-07-05,6639.14013671875
1388,2018-07-06,6673.5
1389,2018-07-07,6856.93017578125
1390,2018-07-08,6773.8798828125
1391,2018-07-09,6741.75
1392,2018-07-10,6329.9501953125
1393,2018-07-11,6394.7099609375
1394,2018-07-12,6228.81005859375
1395,2018-07-13,6238.0498046875
1396,2018-07-14,6276.1201171875
1397,2018-07-15,6359.64013671875
1398,2018-07-16,6741.75
1399,2018-07-17,7321.0400390625
1400,2018-07-18,7370.77978515625
1401,2018-07-19,7466.85986328125
1402,2018-07-20,7354.1298828125
1403,2018-07-21,7419.2900390625
1404,2018-07-22,7418.490234375
1405,2018-07-23,7711.10986328125
1406,2018-07-24,8424.26953125
1407,2018-07-25,8181.39013671875
1408,2018-07-26,7951.580078125
1409,2018-07-27,8165.009765625
1410,2018-07-28,8192.150390625
1411,2018-07-29,8218.4599609375
1412,2018-07-30,8180.47998046875
1413,2018-07-31,7780.43994140625
1414,2018-08-01,7624.91015625
1415,2018-08-02,7567.14990234375
1416,2018-08-03,7434.39013671875
1417,2018-08-04,7032.85009765625
1418,2018-08-05,7068.47998046875
1419,2018-08-06,6951.7998046875
1420,2018-08-07,6753.1201171875
1421,2018-08-08,6305.7998046875
1422,2018-08-09,6568.22998046875
1423,2018-08-10,6184.7099609375
1424,2018-08-11,6295.72998046875
1425,2018-08-12,6322.68994140625
1426,2018-08-13,6297.56982421875
1427,2018-08-14,6199.7099609375
1428,2018-08-15,6308.52001953125
1429,2018-08-16,6334.72998046875
1430,2018-08-17,6580.6298828125
1431,2018-08-18,6423.759765625
1432,2018-08-19,6506.06982421875
1433,2018-08-20,6308.52978515625
1434,2018-08-21,6488.759765625
1435,2018-08-22,6376.7099609375
1436,2018-08-23,6534.8798828125
1437,2018-08-24,6719.9599609375
1438,2018-08-25,6763.18994140625
1439,2018-08-26,6707.259765625
1440,2018-08-27,6884.64013671875
1441,2018-08-28,7096.27978515625
1442,2018-08-29,7047.16015625
1443,2018-08-30,6978.22998046875
1444,2018-08-31,7037.580078125
1445,2018-09-01,7193.25
1446,2018-09-02,7272.72021484375
1447,2018-09-03,7260.06005859375
1448,2018-09-04,7361.66015625
1449,2018-09-05,6792.830078125
1450,2018-09-06,6529.169921875
1451,2018-09-07,6467.06982421875
1452,2018-09-08,6225.97998046875
1453,2018-09-09,6300.85986328125
1454,2018-09-10,6329.7001953125
1455,2018-09-11,6321.2001953125
1456,2018-09-12,6351.7998046875
1457,2018-09-13,6517.31005859375
1458,2018-09-14,6512.7099609375
1459,2018-09-15,6543.2001953125
1460,2018-09-16,6517.18017578125
1461,2018-09-17,6281.2001953125
1462,2018-09-18,6371.2998046875
1463,2018-09-19,6398.5400390625
1464,2018-09-20,6519.669921875
1465,2018-09-21,6734.9501953125
1466,2018-09-22,6721.97998046875
1467,2018-09-23,6710.6298828125
1468,2018-09-24,6595.41015625
1469,2018-09-25,6446.47021484375
1470,2018-09-26,6495.0
1471,2018-09-27,6676.75
1472,2018-09-28,6644.1298828125
1473,2018-09-29,6601.9599609375
1474,2018-09-30,6625.56005859375
1475,2018-10-01,6589.6201171875
1476,2018-10-02,6556.10009765625
1477,2018-10-03,6502.58984375
1478,2018-10-04,6576.68994140625
1479,2018-10-05,6622.47998046875
1480,2018-10-06,6588.31005859375
1481,2018-10-07,6602.9501953125
1482,2018-10-08,6652.22998046875
1483,2018-10-09,6642.64013671875
1484,2018-10-10,6585.52978515625
1485,2018-10-11,6256.240234375
1486,2018-10-12,6274.580078125
1487,2018-10-13,6285.990234375
1488,2018-10-14,6290.93017578125
1489,2018-10-15,6596.5400390625
1490,2018-10-16,6596.10986328125
1491,2018-10-17,6544.43017578125
1492,2018-10-18,6476.7099609375
1493,2018-10-19,6465.41015625
1494,2018-10-20,6489.18994140625
1495,2018-10-21,6482.35009765625
1496,2018-10-22,6487.16015625
1497,2018-10-23,6475.740234375
1498,2018-10-24,6495.83984375
1499,2018-10-25,6476.2900390625
1500,2018-10-26,6474.75
1501,2018-10-27,6480.3798828125
1502,2018-10-28,6486.39013671875
1503,2018-10-29,6332.6298828125
1504,2018-10-30,6334.27001953125
1505,2018-10-31,6317.60986328125
1506,2018-11-01,6377.77978515625
1507,2018-11-02,6388.43994140625
1508,2018-11-03,6361.259765625
1509,2018-11-04,6376.1298828125
1510,2018-11-05,6419.66015625
1511,2018-11-06,6461.009765625
1512,2018-11-07,6530.14013671875
1513,2018-11-08,6453.72021484375
1514,2018-11-09,6385.6201171875
1515,2018-11-10,6409.22021484375
1516,2018-11-11,6411.27001953125
1517,2018-11-12,6371.27001953125
1518,2018-11-13,6359.490234375
1519,2018-11-14,5738.35009765625
1520,2018-11-15,5648.02978515625
1521,2018-11-16,5575.5498046875
1522,2018-11-17,5554.330078125
1523,2018-11-18,5623.5400390625
1524,2018-11-19,4871.490234375
1525,2018-11-20,4451.8701171875
1526,2018-11-21,4602.169921875
1527,2018-11-22,4365.93994140625
1528,2018-11-23,4347.10986328125
1529,2018-11-24,3880.760009765625
1530,2018-11-25,4009.969970703125
1531,2018-11-26,3779.1298828125
1532,2018-11-27,3820.719970703125
1533,2018-11-28,4257.419921875
1534,2018-11-29,4278.8466796875
1535,2018-11-30,4017.2685546875
1536,2018-12-01,4214.671875
1537,2018-12-02,4139.8779296875
1538,2018-12-03,3894.130859375
1539,2018-12-04,3956.893798828125
1540,2018-12-05,3753.994873046875
1541,2018-12-06,3521.101806640625
1542,2018-12-07,3419.937255859375
1543,2018-12-08,3476.11474609375
1544,2018-12-09,3614.234375
1545,2018-12-10,3502.656005859375
1546,2018-12-11,3424.588134765625
1547,2018-12-12,3486.9501953125
1548,2018-12-13,3313.67724609375
1549,2018-12-14,3242.48486328125
1550,2018-12-15,3236.76171875
1551,2018-12-16,3252.839111328125
1552,2018-12-17,3545.86474609375
1553,2018-12-18,3696.05908203125
1554,2018-12-19,3745.95068359375
1555,2018-12-20,4134.44140625
1556,2018-12-21,3896.543701171875
1557,2018-12-22,4014.1826171875
1558,2018-12-23,3998.980224609375
1559,2018-12-24,4078.59912109375
1560,2018-12-25,3815.49072265625
1561,2018-12-26,3857.297607421875
1562,2018-12-27,3654.83349609375
1563,2018-12-28,3923.918701171875
1564,2018-12-29,3820.40869140625
1565,2018-12-30,3865.95263671875
1566,2018-12-31,3742.700439453125
1567,2019-01-01,3843.52001953125
1568,2019-01-02,3943.409423828125
1569,2019-01-03,3836.7412109375
1570,2019-01-04,3857.717529296875
1571,2019-01-05,3845.194580078125
1572,2019-01-06,4076.632568359375
1573,2019-01-07,4025.248291015625
1574,2019-01-08,4030.847900390625
1575,2019-01-09,4035.29638671875
1576,2019-01-10,3678.924560546875
1577,2019-01-11,3687.365478515625
1578,2019-01-12,3661.301025390625
1579,2019-01-13,3552.953125
1580,2019-01-14,3706.05224609375
1581,2019-01-15,3630.67529296875
1582,2019-01-16,3655.0068359375
1583,2019-01-17,3678.56396484375
1584,2019-01-18,3657.83935546875
1585,2019-01-19,3728.568359375
1586,2019-01-20,3601.013671875
1587,2019-01-21,3576.032470703125
1588,2019-01-22,3604.5771484375
1589,2019-01-23,3585.123046875
1590,2019-01-24,3600.865478515625
1591,2019-01-25,3599.765869140625
1592,2019-01-26,3602.46044921875
1593,2019-01-27,3583.9658203125
1594,2019-01-28,3470.450439453125
1595,2019-01-29,3448.116943359375
1596,2019-01-30,3486.181640625
1597,2019-01-31,3457.792724609375
1598,2019-02-01,3487.9453125
1599,2019-02-02,3521.060791015625
1600,2019-02-03,3464.013427734375
1601,2019-02-04,3459.154052734375
1602,2019-02-05,3466.357421875
1603,2019-02-06,3413.767822265625
1604,2019-02-07,3399.4716796875
1605,2019-02-08,3666.7802734375
1606,2019-02-09,3671.20361328125
1607,2019-02-10,3690.188232421875
1608,2019-02-11,3648.4306640625
1609,2019-02-12,3653.528564453125
1610,2019-02-13,3632.070556640625
1611,2019-02-14,3616.880859375
1612,2019-02-15,3620.810791015625
1613,2019-02-16,3629.78759765625
1614,2019-02-17,3673.836181640625
1615,2019-02-18,3915.71435546875
1616,2019-02-19,3947.094482421875
1617,2019-02-20,3999.820556640625
1618,2019-02-21,3954.1181640625
1619,2019-02-22,4005.526611328125
1620,2019-02-23,4142.52685546875
1621,2019-02-24,3810.427490234375
1622,2019-02-25,3882.6962890625
1623,2019-02-26,3854.35791015625
1624,2019-02-27,3851.04736328125
1625,2019-02-28,3854.785400390625
1626,2019-03-01,3859.583740234375
1627,2019-03-02,3864.4150390625
1628,2019-03-03,3847.17578125
1629,2019-03-04,3761.55712890625
1630,2019-03-05,3896.375
1631,2019-03-06,3903.942626953125
1632,2019-03-07,3911.484375
1633,2019-03-08,3901.131591796875
1634,2019-03-09,3963.313720703125
1635,2019-03-10,3951.599853515625
1636,2019-03-11,3905.227294921875
1637,2019-03-12,3909.15625
1638,2019-03-13,3906.71728515625
1639,2019-03-14,3924.369140625
1640,2019-03-15,3960.9111328125
1641,2019-03-16,4048.725830078125
1642,2019-03-17,4025.22900390625
1643,2019-03-18,4032.50732421875
1644,2019-03-19,4071.190185546875
1645,2019-03-20,4087.476318359375
1646,2019-03-21,4029.326904296875
1647,2019-03-22,4023.96826171875
1648,2019-03-23,4035.826416015625
1649,2019-03-24,4022.168212890625
1650,2019-03-25,3963.070556640625
1651,2019-03-26,3985.080810546875
1652,2019-03-27,4087.066162109375
1653,2019-03-28,4069.107177734375
1654,2019-03-29,4098.37451171875
1655,2019-03-30,4106.66015625
1656,2019-03-31,4105.404296875
1657,2019-04-01,4158.18310546875
1658,2019-04-02,4879.8779296875
1659,2019-04-03,4973.02197265625
1660,2019-04-04,4922.798828125
1661,2019-04-05,5036.68115234375
1662,2019-04-06,5059.8173828125
1663,2019-04-07,5198.89697265625
1664,2019-04-08,5289.77099609375
1665,2019-04-09,5204.95849609375
1666,2019-04-10,5324.5517578125
1667,2019-04-11,5064.48779296875
1668,2019-04-12,5089.5390625
1669,2019-04-13,5096.58642578125
1670,2019-04-14,5167.72216796875
1671,2019-04-15,5067.1083984375
1672,2019-04-16,5235.5595703125
1673,2019-04-17,5251.93798828125
1674,2019-04-18,5298.3857421875
1675,2019-04-19,5303.8125
1676,2019-04-20,5337.88623046875
1677,2019-04-21,5314.53125
1678,2019-04-22,5399.365234375
1679,2019-04-23,5572.3623046875
1680,2019-04-24,5464.86669921875
1681,2019-04-25,5210.515625
1682,2019-04-26,5279.34814453125
1683,2019-04-27,5268.291015625
1684,2019-04-28,5285.13916015625
1685,2019-04-29,5247.3525390625
1686,2019-04-30,5350.7265625
1687,2019-05-01,5402.697265625
1688,2019-05-02,5505.28369140625
1689,2019-05-03,5768.28955078125
1690,2019-05-04,5831.16748046875
1691,2019-05-05,5795.70849609375
1692,2019-05-06,5746.80712890625
1693,2019-05-07,5829.50146484375
1694,2019-05-08,5982.45751953125
1695,2019-05-09,6174.52880859375
1696,2019-05-10,6378.84912109375
1697,2019-05-11,7204.771484375
1698,2019-05-12,6972.37158203125
1699,2019-05-13,7814.9150390625
1700,2019-05-14,7994.416015625
1701,2019-05-15,8205.16796875
1702,2019-05-16,7884.9091796875
1703,2019-05-17,7343.8955078125
1704,2019-05-18,7271.2080078125
1705,2019-05-19,8197.689453125
1706,2019-05-20,7978.30908203125
1707,2019-05-21,7963.32763671875
1708,2019-05-22,7680.06640625
1709,2019-05-23,7881.8466796875
1710,2019-05-24,7987.37158203125
1711,2019-05-25,8052.5439453125
1712,2019-05-26,8673.2158203125
1713,2019-05-27,8805.7783203125
1714,2019-05-28,8719.9619140625
1715,2019-05-29,8659.4873046875
1716,2019-05-30,8319.47265625
1717,2019-05-31,8574.501953125
1718,2019-06-01,8564.0166015625
1719,2019-06-02,8742.9580078125
1720,2019-06-03,8208.9951171875
1721,2019-06-04,7707.77099609375
1722,2019-06-05,7824.2314453125
1723,2019-06-06,7822.0234375
1724,2019-06-07,8043.951171875
1725,2019-06-08,7954.1279296875
1726,2019-06-09,7688.0771484375
1727,2019-06-10,8000.32958984375
1728,2019-06-11,7927.71435546875
1729,2019-06-12,8145.857421875
1730,2019-06-13,8230.923828125
1731,2019-06-14,8693.8330078125
1732,2019-06-15,8838.375
1733,2019-06-16,8994.48828125
1734,2019-06-17,9320.3525390625
1735,2019-06-18,9081.7626953125
1736,2019-06-19,9273.521484375
1737,2019-06-20,9527.16015625
1738,2019-06-21,10144.556640625
1739,2019-06-22,10701.69140625
1740,2019-06-23,10855.37109375
1741,2019-06-24,11011.1025390625
1742,2019-06-25,11790.9169921875
1743,2019-06-26,13016.2314453125
1744,2019-06-27,11182.806640625
1745,2019-06-28,12407.33203125
1746,2019-06-29,11959.37109375
1747,2019-06-30,10817.1552734375
1748,2019-07-01,10583.134765625
1749,2019-07-02,10801.677734375
1750,2019-07-03,11961.26953125
1751,2019-07-04,11215.4375
1752,2019-07-05,10978.4599609375
1753,2019-07-06,11208.55078125
1754,2019-07-07,11450.8466796875
1755,2019-07-08,12285.9580078125
1756,2019-07-09,12573.8125
1757,2019-07-10,12156.5126953125
1758,2019-07-11,11358.662109375
1759,2019-07-12,11815.986328125
1760,2019-07-13,11392.37890625
1761,2019-07-14,10256.05859375
1762,2019-07-15,10895.08984375
1763,2019-07-16,9477.6416015625
1764,2019-07-17,9693.802734375
1765,2019-07-18,10666.482421875
1766,2019-07-19,10530.732421875
1767,2019-07-20,10767.1396484375
1768,2019-07-21,10599.10546875
1769,2019-07-22,10343.1064453125
1770,2019-07-23,9900.767578125
1771,2019-07-24,9811.92578125
1772,2019-07-25,9911.841796875
1773,2019-07-26,9870.3037109375
1774,2019-07-27,9477.677734375
1775,2019-07-28,9552.8603515625
1776,2019-07-29,9519.1455078125
1777,2019-07-30,9607.423828125
1778,2019-07-31,10085.6279296875
1779,2019-08-01,10399.6689453125
1780,2019-08-02,10518.1748046875
1781,2019-08-03,10821.7265625
1782,2019-08-04,10970.1845703125
1783,2019-08-05,11805.6533203125
1784,2019-08-06,11478.1689453125
1785,2019-08-07,11941.96875
1786,2019-08-08,11966.4072265625
1787,2019-08-09,11862.9365234375
1788,2019-08-10,11354.0244140625
1789,2019-08-11,11523.5791015625
1790,2019-08-12,11382.6162109375
1791,2019-08-13,10895.830078125
1792,2019-08-14,10051.7041015625
1793,2019-08-15,10311.5458984375
1794,2019-08-16,10374.3388671875
1795,2019-08-17,10231.744140625
1796,2019-08-18,10345.810546875
1797,2019-08-19,10916.0537109375
1798,2019-08-20,10763.232421875
1799,2019-08-21,10138.0498046875
1800,2019-08-22,10131.0556640625
1801,2019-08-23,10407.96484375
1802,2019-08-24,10159.9609375
1803,2019-08-25,10138.517578125
1804,2019-08-26,10370.8203125
1805,2019-08-27,10185.5
1806,2019-08-28,9754.4228515625
1807,2019-08-29,9510.2001953125
1808,2019-08-30,9598.173828125
1809,2019-08-31,9630.6640625
1810,2019-09-01,9757.970703125
1811,2019-09-02,10346.7607421875
1812,2019-09-03,10623.5400390625
1813,2019-09-04,10594.4931640625
1814,2019-09-05,10575.533203125
1815,2019-09-06,10353.302734375
1816,2019-09-07,10517.2548828125
1817,2019-09-08,10441.2763671875
1818,2019-09-09,10334.974609375
1819,2019-09-10,10115.9755859375
1820,2019-09-11,10178.3720703125
1821,2019-09-12,10410.126953125
1822,2019-09-13,10360.546875
1823,2019-09-14,10358.048828125
1824,2019-09-15,10347.712890625
1825,2019-09-16,10276.7939453125
1826,2019-09-17,10241.2724609375
1827,2019-09-18,10198.248046875
1828,2019-09-19,10266.4150390625
1829,2019-09-20,10181.6416015625
1830,2019-09-21,10019.716796875
1831,2019-09-22,10070.392578125
1832,2019-09-23,9729.32421875
1833,2019-09-24,8620.56640625
1834,2019-09-25,8486.9931640625
1835,2019-09-26,8118.9677734375
1836,2019-09-27,8251.845703125
1837,2019-09-28,8245.9150390625
1838,2019-09-29,8104.185546875
1839,2019-09-30,8293.8681640625
1840,2019-10-01,8343.2763671875
1841,2019-10-02,8393.0419921875
1842,2019-10-03,8259.9921875
1843,2019-10-04,8205.939453125
1844,2019-10-05,8151.50048828125
1845,2019-10-06,7988.15576171875
1846,2019-10-07,8245.623046875
1847,2019-10-08,8228.783203125
1848,2019-10-09,8595.740234375
1849,2019-10-10,8586.4736328125
1850,2019-10-11,8321.7568359375
1851,2019-10-12,8336.5556640625
1852,2019-10-13,8321.005859375
1853,2019-10-14,8374.6865234375
1854,2019-10-15,8205.369140625
1855,2019-10-16,8047.52685546875
1856,2019-10-17,8103.9111328125
1857,2019-10-18,7973.20751953125
1858,2019-10-19,7988.560546875
1859,2019-10-20,8222.078125
1860,2019-10-21,8243.720703125
1861,2019-10-22,8078.203125
1862,2019-10-23,7514.671875
1863,2019-10-24,7493.48876953125
1864,2019-10-25,8660.7001953125
1865,2019-10-26,9244.97265625
1866,2019-10-27,9551.71484375
1867,2019-10-28,9256.1484375
1868,2019-10-29,9427.6875
1869,2019-10-30,9205.7265625
1870,2019-10-31,9199.5849609375
1871,2019-11-01,9261.1044921875
1872,2019-11-02,9324.7177734375
1873,2019-11-03,9235.3544921875
1874,2019-11-04,9412.6123046875
1875,2019-11-05,9342.52734375
1876,2019-11-06,9360.8798828125
1877,2019-11-07,9267.5615234375
1878,2019-11-08,8804.880859375
1879,2019-11-09,8813.58203125
1880,2019-11-10,9055.5263671875
1881,2019-11-11,8757.7880859375
1882,2019-11-12,8815.662109375
1883,2019-11-13,8808.2626953125
1884,2019-11-14,8708.0947265625
1885,2019-11-15,8491.9921875
1886,2019-11-16,8550.7607421875
1887,2019-11-17,8577.9755859375
1888,2019-11-18,8309.2861328125
1889,2019-11-19,8206.1455078125
1890,2019-11-20,8027.26806640625
1891,2019-11-21,7642.75
1892,2019-11-22,7296.57763671875
1893,2019-11-23,7397.796875
1894,2019-11-24,7047.9169921875
1895,2019-11-25,7146.1337890625
1896,2019-11-26,7218.37109375
1897,2019-11-27,7531.66357421875
1898,2019-11-28,7463.10595703125
1899,2019-11-29,7761.24365234375
1900,2019-11-30,7569.6298828125
1901,2019-12-01,7424.29248046875
1902,2019-12-02,7321.98828125
1903,2019-12-03,7320.1455078125
1904,2019-12-04,7252.03466796875
1905,2019-12-05,7448.3076171875
1906,2019-12-06,7546.99658203125
1907,2019-12-07,7556.23779296875
1908,2019-12-08,7564.34521484375
1909,2019-12-09,7400.8994140625
1910,2019-12-10,7278.11962890625
1911,2019-12-11,7217.42724609375
1912,2019-12-12,7243.13427734375
1913,2019-12-13,7269.6845703125
1914,2019-12-14,7124.673828125
1915,2019-12-15,7152.3017578125
1916,2019-12-16,6932.48046875
1917,2019-12-17,6640.51513671875
1918,2019-12-18,7276.802734375
1919,2019-12-19,7202.84423828125
1920,2019-12-20,7218.81640625
1921,2019-12-21,7191.15869140625
1922,2019-12-22,7511.5888671875
1923,2019-12-23,7355.62841796875
1924,2019-12-24,7322.5322265625
1925,2019-12-25,7275.15576171875
1926,2019-12-26,7238.966796875
1927,2019-12-27,7290.08837890625
1928,2019-12-28,7317.990234375
1929,2019-12-29,7422.65283203125
1930,2019-12-30,7292.9951171875
1931,2019-12-31,7193.59912109375
1932,2020-01-01,7200.17431640625
1933,2020-01-02,6985.47021484375
1934,2020-01-03,7344.88427734375
1935,2020-01-04,7410.65673828125
1936,2020-01-05,7411.3173828125
1937,2020-01-06,7769.21923828125
1938,2020-01-07,8163.6923828125
1939,2020-01-08,8079.86279296875
1940,2020-01-09,7879.0712890625
1941,2020-01-10,8166.55419921875
1942,2020-01-11,8037.53759765625
1943,2020-01-12,8192.494140625
1944,2020-01-13,8144.1943359375
1945,2020-01-14,8827.7646484375
1946,2020-01-15,8807.0107421875
1947,2020-01-16,8723.7861328125
1948,2020-01-17,8929.0380859375
1949,2020-01-18,8942.80859375
1950,2020-01-19,8706.2451171875
1951,2020-01-20,8657.642578125
1952,2020-01-21,8745.89453125
1953,2020-01-22,8680.8759765625
1954,2020-01-23,8406.515625
1955,2020-01-24,8445.4345703125
1956,2020-01-25,8367.84765625
1957,2020-01-26,8596.830078125
1958,2020-01-27,8909.8193359375
1959,2020-01-28,9358.58984375
1960,2020-01-29,9316.6298828125
1961,2020-01-30,9508.9931640625
1962,2020-01-31,9350.529296875
1963,2020-02-01,9392.875
1964,2020-02-02,9344.365234375
1965,2020-02-03,9293.521484375
1966,2020-02-04,9180.962890625
1967,2020-02-05,9613.423828125
1968,2020-02-06,9729.8017578125
1969,2020-02-07,9795.943359375
1970,2020-02-08,9865.119140625
1971,2020-02-09,10116.673828125
1972,2020-02-10,9856.611328125
1973,2020-02-11,10208.236328125
1974,2020-02-12,10326.0546875
1975,2020-02-13,10214.3798828125
1976,2020-02-14,10312.1162109375
1977,2020-02-15,9889.4248046875
1978,2020-02-16,9934.43359375
1979,2020-02-17,9690.142578125
1980,2020-02-18,10141.99609375
1981,2020-02-19,9633.38671875
1982,2020-02-20,9608.4755859375
1983,2020-02-21,9686.44140625
1984,2020-02-22,9663.181640625
1985,2020-02-23,9924.515625
1986,2020-02-24,9650.1748046875
1987,2020-02-25,9341.705078125
1988,2020-02-26,8820.5224609375
1989,2020-02-27,8784.494140625
1990,2020-02-28,8672.455078125
1991,2020-02-29,8599.5087890625
1992,2020-03-01,8562.4541015625
1993,2020-03-02,8869.669921875
1994,2020-03-03,8787.7861328125
1995,2020-03-04,8755.24609375
1996,2020-03-05,9078.7626953125
1997,2020-03-06,9122.5458984375
1998,2020-03-07,8909.9541015625
1999,2020-03-08,8108.1162109375
2000,2020-03-09,7923.64453125
2001,2020-03-10,7909.7294921875
2002,2020-03-11,7911.43017578125
2003,2020-03-12,4970.7880859375
2004,2020-03-13,5563.70703125
2005,2020-03-14,5200.3662109375
2006,2020-03-15,5392.31494140625
2007,2020-03-16,5014.47998046875
2008,2020-03-17,5225.62939453125
2009,2020-03-18,5238.4384765625
2010,2020-03-19,6191.19287109375
2011,2020-03-20,6198.7783203125
2012,2020-03-21,6185.06640625
2013,2020-03-22,5830.2548828125
2014,2020-03-23,6416.31494140625
2015,2020-03-24,6734.8037109375
2016,2020-03-25,6681.06298828125
2017,2020-03-26,6716.4404296875
2018,2020-03-27,6469.79833984375
2019,2020-03-28,6242.19384765625
2020,2020-03-29,5922.04296875
2021,2020-03-30,6429.841796875
2022,2020-03-31,6438.64453125
2023,2020-04-01,6606.7763671875
2024,2020-04-02,6793.62451171875
2025,2020-04-03,6733.38720703125
2026,2020-04-04,6867.52734375
2027,2020-04-05,6791.12939453125
2028,2020-04-06,7271.78125
2029,2020-04-07,7176.41455078125
2030,2020-04-08,7334.0986328125
2031,2020-04-09,7302.08935546875
2032,2020-04-10,6865.4931640625
2033,2020-04-11,6859.0830078125
2034,2020-04-12,6971.091796875
2035,2020-04-13,6845.03759765625
2036,2020-04-14,6842.427734375
2037,2020-04-15,6642.10986328125
2038,2020-04-16,7116.80419921875
2039,2020-04-17,7096.1845703125
2040,2020-04-18,7257.6650390625
2041,2020-04-19,7189.4248046875
2042,2020-04-20,6881.95849609375
2043,2020-04-21,6880.3232421875
2044,2020-04-22,7117.20751953125
2045,2020-04-23,7429.724609375
2046,2020-04-24,7550.90087890625
2047,2020-04-25,7569.93603515625
2048,2020-04-26,7679.8671875
2049,2020-04-27,7795.60107421875
2050,2020-04-28,7807.05859375
2051,2020-04-29,8801.0380859375
2052,2020-04-30,8658.5537109375
2053,2020-05-01,8864.7666015625
2054,2020-05-02,8988.5966796875
2055,2020-05-03,8897.46875
2056,2020-05-04,8912.654296875
2057,2020-05-05,9003.0703125
2058,2020-05-06,9268.76171875
2059,2020-05-07,9951.5185546875
2060,2020-05-08,9842.666015625
2061,2020-05-09,9593.896484375
2062,2020-05-10,8756.4306640625
2063,2020-05-11,8601.7958984375
2064,2020-05-12,8804.4775390625
2065,2020-05-13,9269.9873046875
2066,2020-05-14,9733.7216796875
2067,2020-05-15,9328.197265625
2068,2020-05-16,9377.013671875
2069,2020-05-17,9670.7392578125
2070,2020-05-18,9726.5751953125
2071,2020-05-19,9729.0380859375
2072,2020-05-20,9522.9814453125
2073,2020-05-21,9081.76171875
2074,2020-05-22,9182.5771484375
2075,2020-05-23,9209.287109375
2076,2020-05-24,8790.3681640625
2077,2020-05-25,8906.9345703125
2078,2020-05-26,8835.052734375
2079,2020-05-27,9181.017578125
2080,2020-05-28,9525.7509765625
2081,2020-05-29,9439.1240234375
2082,2020-05-30,9700.4140625
2083,2020-05-31,9461.05859375
2084,2020-06-01,10167.2685546875
2085,2020-06-02,9529.8037109375
2086,2020-06-03,9656.7177734375
2087,2020-06-04,9800.63671875
2088,2020-06-05,9665.533203125
2089,2020-06-06,9653.6796875
2090,2020-06-07,9758.8525390625
2091,2020-06-08,9771.4892578125
2092,2020-06-09,9795.7001953125
2093,2020-06-10,9870.0947265625
2094,2020-06-11,9321.78125
2095,2020-06-12,9480.84375
2096,2020-06-13,9475.27734375
2097,2020-06-14,9386.7880859375
2098,2020-06-15,9450.7021484375
2099,2020-06-16,9538.0244140625
2100,2020-06-17,9480.2548828125
2101,2020-06-18,9411.8408203125
2102,2020-06-19,9288.0185546875
2103,2020-06-20,9332.3408203125
2104,2020-06-21,9303.6298828125
2105,2020-06-22,9648.7177734375
2106,2020-06-23,9629.658203125
2107,2020-06-24,9313.6103515625
2108,2020-06-25,9264.8134765625
2109,2020-06-26,9162.91796875
2110,2020-06-27,9045.390625
2111,2020-06-28,9143.58203125
2112,2020-06-29,9190.8544921875
2113,2020-06-30,9137.9931640625
2114,2020-07-01,9228.3251953125
2115,2020-07-02,9123.41015625
2116,2020-07-03,9087.3037109375
2117,2020-07-04,9132.48828125
2118,2020-07-05,9073.9423828125
2119,2020-07-06,9375.474609375
2120,2020-07-07,9252.27734375
2121,2020-07-08,9428.3330078125
2122,2020-07-09,9277.9677734375
2123,2020-07-10,9278.8076171875
2124,2020-07-11,9240.3466796875
2125,2020-07-12,9276.5
2126,2020-07-13,9243.6142578125
2127,2020-07-14,9243.2138671875
2128,2020-07-15,9192.8369140625
2129,2020-07-16,9132.2275390625
2130,2020-07-17,9151.392578125
2131,2020-07-18,9159.0400390625
2132,2020-07-19,9185.8173828125
2133,2020-07-20,9164.2314453125
2134,2020-07-21,9374.8876953125
2135,2020-07-22,9525.36328125
2136,2020-07-23,9581.072265625
2137,2020-07-24,9536.892578125
2138,2020-07-25,9677.11328125
2139,2020-07-26,9905.1669921875
2140,2020-07-27,10990.873046875
2141,2020-07-28,10912.8232421875
2142,2020-07-29,11100.4677734375
2143,2020-07-30,11111.2138671875
2144,2020-07-31,11323.466796875
2145,2020-08-01,11759.5927734375
2146,2020-08-02,11053.6142578125
2147,2020-08-03,11246.3486328125
2148,2020-08-04,11205.892578125
2149,2020-08-05,11747.0224609375
2150,2020-08-06,11779.7734375
2151,2020-08-07,11601.47265625
2152,2020-08-08,11754.0458984375
2153,2020-08-09,11675.7392578125
2154,2020-08-10,11878.111328125
2155,2020-08-11,11410.525390625
2156,2020-08-12,11584.9345703125
2157,2020-08-13,11784.1376953125
2158,2020-08-14,11768.87109375
2159,2020-08-15,11865.6982421875
2160,2020-08-16,11892.8037109375
2161,2020-08-17,12254.40234375
2162,2020-08-18,11991.2333984375
2163,2020-08-19,11758.283203125
2164,2020-08-20,11878.3720703125
2165,2020-08-21,11592.4892578125
2166,2020-08-22,11681.8251953125
2167,2020-08-23,11664.84765625
2168,2020-08-24,11774.595703125
2169,2020-08-25,11366.134765625
2170,2020-08-26,11488.36328125
2171,2020-08-27,11323.3974609375
2172,2020-08-28,11542.5
2173,2020-08-29,11506.865234375
2174,2020-08-30,11711.505859375
2175,2020-08-31,11680.8203125
2176,2020-09-01,11970.478515625
2177,2020-09-02,11414.0341796875
2178,2020-09-03,10245.296875
2179,2020-09-04,10511.8134765625
2180,2020-09-05,10169.5673828125
2181,2020-09-06,10280.3515625
2182,2020-09-07,10369.5634765625
2183,2020-09-08,10131.5166015625
2184,2020-09-09,10242.34765625
2185,2020-09-10,10363.138671875
2186,2020-09-11,10400.9150390625
2187,2020-09-12,10442.1708984375
2188,2020-09-13,10323.755859375
2189,2020-09-14,10680.837890625
2190,2020-09-15,10796.951171875
2191,2020-09-16,10974.9052734375
2192,2020-09-17,10948.990234375
2193,2020-09-18,10944.5859375
2194,2020-09-19,11094.3466796875
2195,2020-09-20,10938.271484375
2196,2020-09-21,10462.259765625
2197,2020-09-22,10538.4599609375
2198,2020-09-23,10246.1865234375
2199,2020-09-24,10760.06640625
2200,2020-09-25,10692.716796875
2201,2020-09-26,10750.7236328125
2202,2020-09-27,10775.26953125
2203,2020-09-28,10709.65234375
2204,2020-09-29,10844.640625
2205,2020-09-30,10784.4912109375
2206,2020-10-01,10619.4521484375
2207,2020-10-02,10575.974609375
2208,2020-10-03,10549.3291015625
2209,2020-10-04,10669.5830078125
2210,2020-10-05,10793.33984375
2211,2020-10-06,10604.40625
2212,2020-10-07,10668.96875
2213,2020-10-08,10915.685546875
2214,2020-10-09,11064.4580078125
2215,2020-10-10,11296.361328125
2216,2020-10-11,11384.181640625
2217,2020-10-12,11555.36328125
2218,2020-10-13,11425.8994140625
2219,2020-10-14,11429.5068359375
2220,2020-10-15,11495.349609375
2221,2020-10-16,11322.123046875
2222,2020-10-17,11358.1015625
2223,2020-10-18,11483.359375
2224,2020-10-19,11742.037109375
2225,2020-10-20,11916.3349609375
2226,2020-10-21,12823.689453125
2227,2020-10-22,12965.8916015625
2228,2020-10-23,12931.5390625
2229,2020-10-24,13108.0625
2230,2020-10-25,13031.173828125
2231,2020-10-26,13075.248046875
2232,2020-10-27,13654.21875
2233,2020-10-28,13271.28515625
2234,2020-10-29,13437.8828125
2235,2020-10-30,13546.5224609375
2236,2020-10-31,13780.9951171875
2237,2020-11-01,13737.109375
2238,2020-11-02,13550.4892578125
2239,2020-11-03,13950.30078125
2240,2020-11-04,14133.70703125
2241,2020-11-05,15579.8486328125
2242,2020-11-06,15565.880859375
2243,2020-11-07,14833.75390625
2244,2020-11-08,15479.5673828125
2245,2020-11-09,15332.3154296875
2246,2020-11-10,15290.90234375
2247,2020-11-11,15701.33984375
2248,2020-11-12,16276.34375
2249,2020-11-13,16317.80859375
2250,2020-11-14,16068.138671875
2251,2020-11-15,15955.587890625
2252,2020-11-16,16716.111328125
2253,2020-11-17,17645.40625
2254,2020-11-18,17804.005859375
2255,2020-11-19,17817.08984375
2256,2020-11-20,18621.314453125
2257,2020-11-21,18642.232421875
2258,2020-11-22,18370.001953125
2259,2020-11-23,18364.12109375
2260,2020-11-24,19107.46484375
2261,2020-11-25,18732.12109375
2262,2020-11-26,17150.623046875
2263,2020-11-27,17108.40234375
2264,2020-11-28,17717.4140625
2265,2020-11-29,18177.484375
2266,2020-11-30,19625.8359375
2267,2020-12-01,18802.998046875
2268,2020-12-02,19201.091796875
2269,2020-12-03,19445.3984375
2270,2020-12-04,18699.765625
2271,2020-12-05,19154.23046875
2272,2020-12-06,19345.12109375
2273,2020-12-07,19191.630859375
2274,2020-12-08,18321.14453125
2275,2020-12-09,18553.916015625
2276,2020-12-10,18264.9921875
2277,2020-12-11,18058.904296875
2278,2020-12-12,18803.65625
2279,2020-12-13,19142.3828125
2280,2020-12-14,19246.64453125
2281,2020-12-15,19417.076171875
2282,2020-12-16,21310.59765625
2283,2020-12-17,22805.162109375
2284,2020-12-18,23137.9609375
2285,2020-12-19,23869.83203125
2286,2020-12-20,23477.294921875
2287,2020-12-21,22803.08203125
2288,2020-12-22,23783.029296875
2289,2020-12-23,23241.345703125
2290,2020-12-24,23735.94921875
2291,2020-12-25,24664.791015625
2292,2020-12-26,26437.037109375
2293,2020-12-27,26272.294921875
2294,2020-12-28,27084.80859375
2295,2020-12-29,27362.4375
2296,2020-12-30,28840.953125
2297,2020-12-31,29001.720703125
2298,2021-01-01,29374.15234375
2299,2021-01-02,32127.267578125
2300,2021-01-03,32782.0234375
2301,2021-01-04,31971.9140625
2302,2021-01-05,33992.4296875
2303,2021-01-06,36824.36328125
2304,2021-01-07,39371.04296875
2305,2021-01-08,40797.609375
2306,2021-01-09,40254.546875
2307,2021-01-10,38356.44140625
2308,2021-01-11,35566.65625
2309,2021-01-12,33922.9609375
2310,2021-01-13,37316.359375
2311,2021-01-14,39187.328125
2312,2021-01-15,36825.3671875
2313,2021-01-16,36178.140625
2314,2021-01-17,35791.27734375
2315,2021-01-18,36630.07421875
2316,2021-01-19,36069.8046875
2317,2021-01-20,35547.75
2318,2021-01-21,30825.69921875
2319,2021-01-22,33005.76171875
2320,2021-01-23,32067.642578125
2321,2021-01-24,32289.37890625
2322,2021-01-25,32366.392578125
2323,2021-01-26,32569.849609375
2324,2021-01-27,30432.546875
2325,2021-01-28,33466.09765625
2326,2021-01-29,34316.38671875
2327,2021-01-30,34269.5234375
2328,2021-01-31,33114.359375
2329,2021-02-01,33537.17578125
2330,2021-02-02,35510.2890625
2331,2021-02-03,37472.08984375
2332,2021-02-04,36926.06640625
2333,2021-02-05,38144.30859375
2334,2021-02-06,39266.01171875
2335,2021-02-07,38903.44140625
2336,2021-02-08,46196.46484375
2337,2021-02-09,46481.10546875
2338,2021-02-10,44918.18359375
2339,2021-02-11,47909.33203125
2340,2021-02-12,47504.8515625
2341,2021-02-13,47105.515625
2342,2021-02-14,48717.2890625
2343,2021-02-15,47945.05859375
2344,2021-02-16,49199.87109375
2345,2021-02-17,52149.0078125
2346,2021-02-18,51679.796875
2347,2021-02-19,55888.1328125
2348,2021-02-20,56099.51953125
2349,2021-02-21,57539.9453125
2350,2021-02-22,54207.3203125
2351,2021-02-23,48824.42578125
2352,2021-02-24,49705.33203125
2353,2021-02-25,47093.8515625
2354,2021-02-26,46339.76171875
2355,2021-02-27,46188.453125
2356,2021-02-28,45137.76953125
2357,2021-03-01,49631.2421875
2358,2021-03-02,48378.98828125
2359,2021-03-03,50538.2421875
2360,2021-03-04,48561.16796875
2361,2021-03-05,48927.3046875
2362,2021-03-06,48912.3828125
2363,2021-03-07,51206.69140625
2364,2021-03-08,52246.5234375
2365,2021-03-09,54824.1171875
2366,2021-03-10,56008.55078125
2367,2021-03-11,57805.12109375
2368,2021-03-12,57332.08984375
2369,2021-03-13,61243.0859375
2370,2021-03-14,59302.31640625
2371,2021-03-15,55907.19921875
2372,2021-03-16,56804.90234375
2373,2021-03-17,58870.89453125
2374,2021-03-18,57858.921875
2375,2021-03-19,58346.65234375
2376,2021-03-20,58313.64453125
2377,2021-03-21,57523.421875
2378,2021-03-22,54529.14453125
2379,2021-03-23,54738.9453125
2380,2021-03-24,52774.265625
2381,2021-03-25,51704.16015625
2382,2021-03-26,55137.3125
2383,2021-03-27,55973.51171875
2384,2021-03-28,55950.74609375
2385,2021-03-29,57750.19921875
2386,2021-03-30,58917.69140625
2387,2021-03-31,58918.83203125
2388,2021-04-01,59095.80859375
2389,2021-04-02,59384.3125
2390,2021-04-03,57603.890625
2391,2021-04-04,58758.5546875
2392,2021-04-05,59057.87890625
2393,2021-04-06,58192.359375
2394,2021-04-07,56048.9375
2395,2021-04-08,58323.953125
2396,2021-04-09,58245.00390625
2397,2021-04-10,59793.234375
2398,2021-04-11,60204.96484375
2399,2021-04-12,59893.453125
2400,2021-04-13,63503.45703125
2401,2021-04-14,63109.6953125
2402,2021-04-15,63314.01171875
2403,2021-04-16,61572.7890625
2404,2021-04-17,60683.8203125
2405,2021-04-18,56216.18359375
2406,2021-04-19,55724.265625
2407,2021-04-20,56473.03125
2408,2021-04-21,53906.08984375
2409,2021-04-22,51762.2734375
2410,2021-04-23,51093.65234375
2411,2021-04-24,50050.8671875
2412,2021-04-25,49004.25390625
2413,2021-04-26,54021.75390625
2414,2021-04-27,55033.1171875
2415,2021-04-28,54824.703125
2416,2021-04-29,53555.109375
2417,2021-04-30,57750.17578125
2418,2021-05-01,57828.05078125
2419,2021-05-02,56631.078125
2420,2021-05-03,57200.29296875
2421,2021-05-04,53333.5390625
2422,2021-05-05,57424.0078125
2423,2021-05-06,56396.515625
2424,2021-05-07,57356.40234375
2425,2021-05-08,58803.77734375
2426,2021-05-09,58232.31640625
2427,2021-05-10,55859.796875
2428,2021-05-11,56704.57421875
2429,2021-05-12,49150.53515625
2430,2021-05-13,49716.19140625
2431,2021-05-14,49880.53515625
2432,2021-05-15,46760.1875
2433,2021-05-16,46456.05859375
2434,2021-05-17,43537.51171875
2435,2021-05-18,42909.40234375
2436,2021-05-19,37002.44140625
2437,2021-05-20,40782.73828125
2438,2021-05-21,37304.69140625
2439,2021-05-22,37536.6328125
2440,2021-05-23,34770.58203125
2441,2021-05-24,38705.98046875
2442,2021-05-25,38402.22265625
2443,2021-05-26,39294.19921875
2444,2021-05-27,38436.96875
2445,2021-05-28,35697.60546875
2446,2021-05-29,34616.06640625
2447,2021-05-30,35678.12890625
2448,2021-05-31,37332.85546875
2449,2021-06-01,36684.92578125
2450,2021-06-02,37575.1796875
2451,2021-06-03,39208.765625
2452,2021-06-04,36894.40625
2453,2021-06-05,35551.95703125
2454,2021-06-06,35862.37890625
2455,2021-06-07,33560.70703125
2456,2021-06-08,33472.6328125
2457,2021-06-09,37345.12109375
2458,2021-06-10,36702.59765625
2459,2021-06-11,37334.3984375
2460,2021-06-12,35552.515625
2461,2021-06-13,39097.859375
2462,2021-06-14,40218.4765625
2463,2021-06-15,40406.26953125
2464,2021-06-16,38347.0625
2465,2021-06-17,38053.50390625
2466,2021-06-18,35787.24609375
2467,2021-06-19,35615.87109375
2468,2021-06-20,35698.296875
2469,2021-06-21,31676.693359375
2470,2021-06-22,32505.66015625
2471,2021-06-23,33723.02734375
2472,2021-06-24,34662.4375
2473,2021-06-25,31637.779296875
2474,2021-06-26,32186.27734375
2475,2021-06-27,34649.64453125
2476,2021-06-28,34434.3359375
2477,2021-06-29,35867.77734375
2478,2021-06-30,35040.8359375
2479,2021-07-01,33572.1171875
2480,2021-07-02,33897.046875
2481,2021-07-03,34668.546875
2482,2021-07-04,35287.78125
2483,2021-07-05,33746.00390625
2484,2021-07-06,34235.1953125
2485,2021-07-07,33855.328125
2486,2021-07-08,32877.37109375
2487,2021-07-09,33798.01171875
2488,2021-07-10,33520.51953125
2489,2021-07-11,34240.1875
2490,2021-07-12,33155.84765625
2491,2021-07-13,32702.025390625
2492,2021-07-14,32822.34765625
2493,2021-07-15,31780.73046875
2494,2021-07-16,31421.5390625
2495,2021-07-17,31533.068359375
2496,2021-07-18,31796.810546875
2497,2021-07-19,30817.83203125
2498,2021-07-20,29807.34765625
2499,2021-07-21,32110.693359375
2500,2021-07-22,32313.10546875
2501,2021-07-23,33581.55078125
2502,2021-07-24,34292.4453125
2503,2021-07-25,35350.1875
2504,2021-07-26,37337.53515625
2505,2021-07-27,39406.94140625
2506,2021-07-28,39995.90625
2507,2021-07-29,40008.421875
2508,2021-07-30,42235.546875
2509,2021-07-31,41626.1953125
2510,2021-08-01,39974.89453125
2511,2021-08-02,39201.9453125
2512,2021-08-03,38152.98046875
2513,2021-08-04,39747.50390625
2514,2021-08-05,40869.5546875
2515,2021-08-06,42816.5
2516,2021-08-07,44555.80078125
2517,2021-08-08,43798.1171875
2518,2021-08-09,46365.40234375
2519,2021-08-10,45585.03125
2520,2021-08-11,45593.63671875
2521,2021-08-12,44428.2890625
2522,2021-08-13,47793.3203125
2523,2021-08-14,47096.9453125
2524,2021-08-15,47047.00390625
2525,2021-08-16,46004.484375
2526,2021-08-17,44695.359375
2527,2021-08-18,44801.1875
2528,2021-08-19,46717.578125
2529,2021-08-20,49339.17578125
2530,2021-08-21,48905.4921875
2531,2021-08-22,49321.65234375
2532,2021-08-23,49546.1484375
2533,2021-08-24,47706.1171875
2534,2021-08-25,48960.7890625
2535,2021-08-26,46942.21875
2536,2021-08-27,49058.66796875
2537,2021-08-28,48902.40234375
2538,2021-08-29,48829.83203125
2539,2021-08-30,47054.984375
2540,2021-08-31,47166.6875
2541,2021-09-01,48847.02734375
2542,2021-09-02,49327.72265625
2543,2021-09-03,50025.375
2544,2021-09-04,49944.625
2545,2021-09-05,51753.41015625
2546,2021-09-06,52633.53515625
2547,2021-09-07,46811.12890625
2548,2021-09-08,46091.390625
2549,2021-09-09,46391.421875
2550,2021-09-10,44883.91015625
2551,2021-09-11,45201.45703125
2552,2021-09-12,46063.26953125
2553,2021-09-13,44963.07421875
2554,2021-09-14,47092.4921875
2555,2021-09-15,48176.34765625
2556,2021-09-16,47783.359375
2557,2021-09-17,47267.51953125
2558,2021-09-18,48278.36328125
2559,2021-09-19,47260.21875
2560,2021-09-20,42843.80078125
2561,2021-09-21,40693.67578125
2562,2021-09-22,43574.5078125
2563,2021-09-23,44895.09765625
2564,2021-09-24,42839.75
2565,2021-09-25,42716.59375
2566,2021-09-26,43208.5390625
2567,2021-09-27,42235.73046875
2568,2021-09-28,41034.54296875
2569,2021-09-29,41564.36328125
2570,2021-09-30,43790.89453125
2571,2021-10-01,48116.94140625
2572,2021-10-02,47711.48828125
2573,2021-10-03,48199.953125
2574,2021-10-04,49112.90234375
2575,2021-10-05,51514.8125
2576,2021-10-06,55361.44921875
2577,2021-10-07,53805.984375
2578,2021-10-08,53967.84765625
2579,2021-10-09,54968.22265625
2580,2021-10-10,54771.578125
2581,2021-10-11,57484.7890625
2582,2021-10-12,56041.05859375
2583,2021-10-13,57401.09765625
2584,2021-10-14,57321.5234375
2585,2021-10-15,61593.94921875
2586,2021-10-16,60892.1796875
2587,2021-10-17,61553.6171875
2588,2021-10-18,62026.078125
2589,2021-10-19,64261.9921875
2590,2021-10-20,65992.8359375
2591,2021-10-21,62210.171875
2592,2021-10-22,60692.265625
2593,2021-10-23,61393.6171875
2594,2021-10-24,60930.8359375
2595,2021-10-25,63039.82421875
2596,2021-10-26,60363.79296875
2597,2021-10-27,58482.38671875
2598,2021-10-28,60622.13671875
2599,2021-10-29,62227.96484375
2600,2021-10-30,61888.83203125
2601,2021-10-31,61318.95703125
2602,2021-11-01,61004.40625
2603,2021-11-02,63226.40234375
2604,2021-11-03,62970.046875
2605,2021-11-04,61452.23046875
2606,2021-11-05,61125.67578125
2607,2021-11-06,61527.48046875
2608,2021-11-07,63326.98828125
2609,2021-11-08,67566.828125
2610,2021-11-09,66971.828125
2611,2021-11-10,64995.23046875
2612,2021-11-11,64949.9609375
2613,2021-11-12,64155.94140625
2614,2021-11-13,64469.52734375
2615,2021-11-14,65466.83984375
2616,2021-11-15,63557.87109375
2617,2021-11-16,60161.24609375
2618,2021-11-17,60368.01171875
2619,2021-11-18,56942.13671875
2620,2021-11-19,58119.578125
2621,2021-11-20,59697.1953125
2622,2021-11-21,58730.4765625
2623,2021-11-22,56289.2890625
2624,2021-11-23,57569.07421875
2625,2021-11-24,56280.42578125
2626,2021-11-25,57274.6796875
2627,2021-11-26,53569.765625
2628,2021-11-27,54815.078125
2629,2021-11-28,57248.45703125
2630,2021-11-29,57806.56640625
2631,2021-11-30,57005.42578125
2632,2021-12-01,57229.828125
2633,2021-12-02,56477.81640625
2634,2021-12-03,53598.24609375
2635,2021-12-04,49200.703125
2636,2021-12-05,49368.84765625
2637,2021-12-06,50582.625
2638,2021-12-07,50700.0859375
2639,2021-12-08,50504.796875
2640,2021-12-09,47672.12109375
2641,2021-12-10,47243.3046875
2642,2021-12-11,49362.5078125
2643,2021-12-12,50098.3359375
2644,2021-12-13,46737.48046875
2645,2021-12-14,46612.6328125
2646,2021-12-15,48896.72265625
2647,2021-12-16,47665.42578125
2648,2021-12-17,46202.14453125
2649,2021-12-18,46848.77734375
2650,2021-12-19,46707.015625
2651,2021-12-20,46880.27734375
2652,2021-12-21,48936.61328125
2653,2021-12-22,48628.51171875
2654,2021-12-23,50784.5390625
2655,2021-12-24,50822.1953125
2656,2021-12-25,50429.859375
2657,2021-12-26,50809.515625
2658,2021-12-27,50640.41796875
2659,2021-12-28,47588.85546875
2660,2021-12-29,46444.7109375
2661,2021-12-30,47178.125
2662,2021-12-31,46306.4453125
2663,2022-01-01,47686.8125
2664,2022-01-02,47345.21875
2665,2022-01-03,46458.1171875
2666,2022-01-04,45897.57421875
2667,2022-01-05,43569.00390625
2668,2022-01-06,43160.9296875
2669,2022-01-07,41557.90234375
2670,2022-01-08,41733.94140625
2671,2022-01-09,41911.6015625
2672,2022-01-10,41821.26171875
2673,2022-01-11,42735.85546875
2674,2022-01-12,43949.1015625
2675,2022-01-13,42591.5703125
2676,2022-01-14,43099.69921875
2677,2022-01-15,43177.3984375
2678,2022-01-16,43113.87890625
2679,2022-01-17,42250.55078125
2680,2022-01-18,42375.6328125
2681,2022-01-19,41744.328125
2682,2022-01-20,40680.41796875
2683,2022-01-21,36457.31640625
2684,2022-01-22,35030.25
2685,2022-01-23,36276.8046875
2686,2022-01-24,36654.328125
2687,2022-01-25,36954.00390625
2688,2022-01-26,36852.12109375
2689,2022-01-27,37138.234375
2690,2022-01-28,37784.33203125
2691,2022-01-29,38138.1796875
2692,2022-01-30,37917.6015625
2693,2022-01-31,38483.125
2694,2022-02-01,38743.2734375
2695,2022-02-02,36952.984375
2696,2022-02-03,37154.6015625
2697,2022-02-04,41500.875
2698,2022-02-05,41441.1640625
2699,2022-02-06,42412.43359375
2700,2022-02-07,43840.28515625
2701,2022-02-08,44118.4453125
2702,2022-02-09,44338.796875
2703,2022-02-10,43565.11328125
2704,2022-02-11,42407.9375
2705,2022-02-12,42244.46875
2706,2022-02-13,42197.515625
2707,2022-02-14,42586.91796875
2708,2022-02-15,44575.203125
2709,2022-02-16,43961.859375
2710,2022-02-17,40538.01171875
2711,2022-02-18,40030.9765625
2712,2022-02-19,40122.15625
2713,2022-02-20,38431.37890625
2714,2022-02-21,37075.28125
2715,2022-02-22,38286.02734375
2716,2022-02-23,37296.5703125
2717,2022-02-24,38332.609375
2718,2022-02-25,39214.21875
2719,2022-02-26,39105.1484375
2720,2022-02-27,37709.78515625
2721,2022-02-28,43193.234375
2722,2022-03-01,44354.63671875
2723,2022-03-02,43924.1171875
2724,2022-03-03,42451.7890625
2725,2022-03-04,39137.60546875
2726,2022-03-05,39400.5859375
2727,2022-03-06,38419.984375
2728,2022-03-07,38062.0390625
2729,2022-03-08,38737.26953125
2730,2022-03-09,41982.92578125
2731,2022-03-10,39437.4609375
2732,2022-03-11,38794.97265625
2733,2022-03-12,38904.01171875
2734,2022-03-13,37849.6640625
2735,2022-03-14,39666.75390625
2736,2022-03-15,39338.78515625
2737,2022-03-16,41143.9296875
2738,2022-03-17,40951.37890625
2739,2022-03-18,41801.15625
2740,2022-03-19,42190.65234375
2741,2022-03-20,41247.82421875
2742,2022-03-21,41077.99609375
2743,2022-03-22,42358.80859375
2744,2022-03-23,42892.95703125
2745,2022-03-24,43960.93359375
2746,2022-03-25,44348.73046875
2747,2022-03-26,44500.828125
2748,2022-03-27,46820.4921875
2749,2022-03-28,47128.00390625
2750,2022-03-29,47465.73046875
2751,2022-03-30,47062.6640625
2752,2022-03-31,45538.67578125
2753,2022-04-01,46281.64453125
2754,2022-04-02,45868.94921875
2755,2022-04-03,46453.56640625
2756,2022-04-04,46622.67578125
2757,2022-04-05,45555.9921875
2758,2022-04-06,43206.73828125
2759,2022-04-07,43503.84765625
2760,2022-04-08,42287.6640625
2761,2022-04-09,42782.13671875
2762,2022-04-10,42207.671875
2763,2022-04-11,39521.90234375
2764,2022-04-12,40127.18359375
2765,2022-04-13,41166.73046875
2766,2022-04-14,39935.515625
2767,2022-04-15,40553.46484375
2768,2022-04-16,40424.484375
2769,2022-04-17,39716.953125
2770,2022-04-18,40826.21484375
2771,2022-04-19,41502.75
2772,2022-04-20,41374.37890625
2773,2022-04-21,40527.36328125
2774,2022-04-22,39740.3203125
2775,2022-04-23,39486.73046875
2776,2022-04-24,39469.29296875
2777,2022-04-25,40458.30859375
2778,2022-04-26,38117.4609375
2779,2022-04-27,39241.12109375
2780,2022-04-28,39773.828125
2781,2022-04-29,38609.82421875
2782,2022-04-30,37714.875
2783,2022-05-01,38469.09375
2784,2022-05-02,38529.328125
2785,2022-05-03,37750.453125
2786,2022-05-04,39698.37109375
2787,2022-05-05,36575.140625
2788,2022-05-06,36040.921875
2789,2022-05-07,35501.953125
2790,2022-05-08,34059.265625
2791,2022-05-09,30296.953125
2792,2022-05-10,31022.90625
2793,2022-05-11,28936.35546875
2794,2022-05-12,29047.751953125
2795,2022-05-13,29283.103515625
2796,2022-05-14,30101.265625
2797,2022-05-15,31305.11328125
2798,2022-05-16,29862.91796875
2799,2022-05-17,30425.857421875
2800,2022-05-18,28720.271484375
2801,2022-05-19,30314.333984375
2802,2022-05-20,29200.740234375
2803,2022-05-21,29432.2265625
2804,2022-05-22,30323.72265625
2805,2022-05-23,29098.91015625
2806,2022-05-24,29655.5859375
2807,2022-05-25,29562.361328125
2808,2022-05-26,29267.224609375
2809,2022-05-27,28627.57421875
2810,2022-05-28,28814.900390625
2811,2022-05-29,29445.95703125
2812,2022-05-30,31726.390625
2813,2022-05-31,31792.310546875
2814,2022-06-01,29799.080078125
2815,2022-06-02,30467.48828125
2816,2022-06-03,29704.390625
2817,2022-06-04,29832.9140625
2818,2022-06-05,29906.662109375
2819,2022-06-06,31370.671875
2820,2022-06-07,31155.478515625
2821,2022-06-08,30214.35546875
2822,2022-06-09,30111.998046875
2823,2022-06-10,29083.8046875
2824,2022-06-11,28360.810546875
2825,2022-06-12,26762.6484375
2826,2022-06-13,22487.388671875
2827,2022-06-14,22206.79296875
2828,2022-06-15,22572.83984375
2829,2022-06-16,20381.650390625
2830,2022-06-17,20471.482421875
2831,2022-06-18,19017.642578125
2832,2022-06-19,20553.271484375
2833,2022-06-20,20599.537109375
2834,2022-06-21,20710.59765625
2835,2022-06-22,19987.029296875
2836,2022-06-23,21085.876953125
2837,2022-06-24,21231.65625
2838,2022-06-25,21502.337890625
2839,2022-06-26,21027.294921875
2840,2022-06-27,20735.478515625
2841,2022-06-28,20280.634765625
2842,2022-06-29,20104.0234375
2843,2022-06-30,19784.7265625
2844,2022-07-01,19269.3671875
2845,2022-07-02,19242.255859375
2846,2022-07-03,19297.076171875
2847,2022-07-04,20231.26171875
2848,2022-07-05,20190.115234375
2849,2022-07-06,20548.24609375
2850,2022-07-07,21637.587890625
2851,2022-07-08,21731.1171875
2852,2022-07-09,21592.20703125
2853,2022-07-10,20860.44921875
2854,2022-07-11,19970.556640625
2855,2022-07-12,19323.9140625
2856,2022-07-13,20212.07421875
2857,2022-07-14,20569.919921875
2858,2022-07-15,20836.328125
2859,2022-07-16,21190.31640625
2860,2022-07-17,20779.34375
2861,2022-07-18,22485.689453125
2862,2022-07-19,23389.43359375
2863,2022-07-20,23231.732421875
2864,2022-07-21,23164.62890625
2865,2022-07-22,22714.978515625
2866,2022-07-23,22465.478515625
2867,2022-07-24,22609.1640625
2868,2022-07-25,21361.701171875
2869,2022-07-26,21239.75390625
2870,2022-07-27,22930.548828125
2871,2022-07-28,23843.88671875
2872,2022-07-29,23804.6328125
2873,2022-07-30,23656.20703125
2874,2022-07-31,23336.896484375
2875,2022-08-01,23314.19921875
2876,2022-08-02,22978.1171875
2877,2022-08-03,22846.5078125
2878,2022-08-04,22630.95703125
2879,2022-08-05,23289.314453125
2880,2022-08-06,22961.279296875
2881,2022-08-07,23175.890625
2882,2022-08-08,23809.486328125
2883,2022-08-09,23164.318359375
2884,2022-08-10,23947.642578125
2885,2022-08-11,23957.529296875
2886,2022-08-12,24402.818359375
2887,2022-08-13,24424.068359375
2888,2022-08-14,24319.333984375
2889,2022-08-15,24136.97265625
2890,2022-08-16,23883.291015625
2891,2022-08-17,23335.998046875
2892,2022-08-18,23212.73828125
2893,2022-08-19,20877.552734375
2894,2022-08-20,21166.060546875
2895,2022-08-21,21534.12109375
2896,2022-08-22,21398.908203125
2897,2022-08-23,21528.087890625
2898,2022-08-24,21395.01953125
2899,2022-08-25,21600.904296875
2900,2022-08-26,20260.01953125
2901,2022-08-27,20041.73828125
2902,2022-08-28,19616.814453125
2903,2022-08-29,20297.994140625
2904,2022-08-30,19796.80859375
2905,2022-08-31,20049.763671875
2906,2022-09-01,20127.140625
2907,2022-09-02,19969.771484375
2908,2022-09-03,19832.087890625
2909,2022-09-04,19986.712890625
2910,2022-09-05,19812.37109375
2911,2022-09-06,18837.66796875
2912,2022-09-07,19290.32421875
2913,2022-09-08,19329.833984375
2914,2022-09-09,21381.15234375
2915,2022-09-10,21680.5390625
2916,2022-09-11,21769.255859375
2917,2022-09-12,22370.44921875
2918,2022-09-13,20296.70703125
2919,2022-09-14,20241.08984375
2920,2022-09-15,19701.2109375
2921,2022-09-16,19772.583984375
2922,2022-09-17,20127.576171875
2923,2022-09-18,19419.505859375
2924,2022-09-19,19544.12890625
2925,2022-09-20,18890.7890625
2926,2022-09-21,18547.400390625
2927,2022-09-22,19413.55078125
2928,2022-09-23,19297.638671875
2929,2022-09-24,18937.01171875
2930,2022-09-25,18802.09765625
2931,2022-09-26,19222.671875
2932,2022-09-27,19110.546875
2933,2022-09-28,19426.720703125
2934,2022-09-29,19573.05078125
2935,2022-09-30,19431.7890625
2936,2022-10-01,19312.095703125
2937,2022-10-02,19044.107421875
2938,2022-10-03,19623.580078125
2939,2022-10-04,20336.84375
2940,2022-10-05,20160.716796875
2941,2022-10-06,19955.443359375
2942,2022-10-07,19546.849609375
2943,2022-10-08,19416.568359375
2944,2022-10-09,19446.42578125
2945,2022-10-10,19141.484375
2946,2022-10-11,19051.41796875
2947,2022-10-12,19157.4453125
2948,2022-10-13,19382.904296875
2949,2022-10-14,19185.65625
2950,2022-10-15,19067.634765625
2951,2022-10-16,19268.09375
2952,2022-10-17,19550.7578125
2953,2022-10-18,19334.416015625
2954,2022-10-19,19139.53515625
2955,2022-10-20,19053.740234375
2956,2022-10-21,19172.46875
2957,2022-10-22,19208.189453125
2958,2022-10-23,19567.0078125
2959,2022-10-24,19345.572265625
2960,2022-10-25,20095.857421875
2961,2022-10-26,20770.44140625
2962,2022-10-27,20285.8359375
2963,2022-10-28,20595.3515625
2964,2022-10-29,20818.4765625
2965,2022-10-30,20635.603515625
2966,2022-10-31,20495.7734375
2967,2022-11-01,20485.2734375
2968,2022-11-02,20159.50390625
2969,2022-11-03,20209.98828125
2970,2022-11-04,21147.23046875
2971,2022-11-05,21282.69140625
2972,2022-11-06,20926.486328125
2973,2022-11-07,20602.81640625
2974,2022-11-08,18541.271484375
2975,2022-11-09,15880.7802734375
2976,2022-11-10,17586.771484375
2977,2022-11-11,17034.29296875
2978,2022-11-12,16799.185546875
2979,2022-11-13,16353.365234375
2980,2022-11-14,16618.19921875
2981,2022-11-15,16884.61328125
2982,2022-11-16,16669.439453125
2983,2022-11-17,16687.517578125
2984,2022-11-18,16697.77734375
2985,2022-11-19,16711.546875
2986,2022-11-20,16291.83203125
2987,2022-11-21,15787.2841796875
2988,2022-11-22,16189.76953125
2989,2022-11-23,16610.70703125
2990,2022-11-24,16604.46484375
2991,2022-11-25,16521.841796875
2992,2022-11-26,16464.28125
2993,2022-11-27,16444.626953125
2994,2022-11-28,16217.322265625
2995,2022-11-29,16444.982421875
2996,2022-11-30,17168.56640625
2997,2022-12-01,16967.1328125
